Id_code,PoolID,Foundation_spp,Day_Night,Before_After,Removal_Control,Group,Time_Point,Sampling_Day,Sampling_time,Wind_Speed.m.s,DO_mg_L,DO_p,Conductivity,Salinity,Temp.pool,Temp.in,date_triscal,mVolts,pH.pre,Notes
D1_Ocean_1_BC,Ocean,Ocean,Day,Before,Ocean,Before_Ocean,1,7082019,8:48,1.4,8.28,94.5,52.4,34.3,11.9,14.537,20190710,-53.2,7.842657207,
D_1_1_BC,1,Phyllospadix,Day,Before,Control,Before_Control,1,7082019,8:59,0.9,9.1,105.4,52.7,34.6,12.6,14.966,20190710,-56.1,7.890223326,
D_2_1_BC,2,Phyllospadix,Day,Before,Removal,Before_Removal,1,7082019,9:04,0.9,9.99,118.2,52.7,34.7,12.8,14.29,20190710,-66.7,8.081177287,only 1 push through sterivex
D_3_1_BC,3,Phyllospadix,Day,Before,Removal,Before_Removal,1,7082019,9:07,0.7,10.28,121.6,52.8,34.8,12.7,14.774,20190710,-62.3,8.00019459,2.5 pushes
D_4_1_BC,4,Phyllospadix,Day,Before,Control,Before_Control,1,7082019,9:10,0.7,10.21,119,51.7,34.9,13.2,14.886,20190710,-67.8,8.095540768,pumped 2 x 550;nutrients at 35 ml
D_5_1_BC,5,Phyllospadix,Day,Before,Control,Before_Control,1,7082019,9:13,0.7,11.72,137.2,52.4,34.5,13.4,15.491,20190710,-78,8.268647462,
D_6_1_BC,6,Phyllospadix,Day,Before,Removal,Before_Removal,1,7082019,9:17,1,9.66,113.8,52.5,34.6,13.8,15.495,20190710,-68.3,8.099249825,"sun, 2.5 pushes"
D_7_1_BC,7,Phyllospadix,Day,Before,Removal,Before_Removal,1,7082019,9:37,0.3,10.34,120.3,52.6,34.6,13.1,15.931,20190710,-64.6,8.031142905,170 thru sterivex
D_8_1_BC,8,Phyllospadix,Day,Before,Control,Before_Control,1,7082019,9:42,0.3,9.47,111.3,52.5,34.5,13.5,16.183,20190710,-65.3,8.041312013,
D_9_1_BC,9,Mytilus,Day,Before,Control,Before_Control,1,7082019,9:47,0.3,7.63,87.6,52.4,34.5,12.8,15.978,20190710,-45.8,7.703065264,
D_10_1_BC,10,Mytilus,Day,Before,Removal,Before_Removal,1,7082019,9:50,0.3,7.86,90.2,51.9,34.1,12.8,15.699,20190710,-45.4,7.69801166,
D_11_1_BC,11,Mytilus,Day,Before,Removal,Before_Removal,1,7082019,9:52,0.3,6.29,72.1,52.6,34.6,13.1,15.764,20190710,-28,7.394043014,
D_12_1_BC,12,Mytilus,Day,Before,Control,Before_Control,1,7082019,9:54,0.3,9.48,112.1,52.5,34.6,13.6,16.326,20190710,-51.4,7.798160518,
D_13_1_BC,13,Mytilus,Day,Before,Control,Before_Control,1,7082019,9:57,0.4,8.12,95.1,52.8,34.7,13.5,16.758,20190710,-39.5,7.588168728,rubber stopper in sample
D_14_1_BC,14,Mytilus,Day,Before,Control,Before_Control,1,7082019,9:59,0.4,6.34,72.1,53,34.8,12.8,16.601,20190710,-31.8,7.455262197,
D_15_1_BC,15,Mytilus,Day,Before,Removal,Before_Removal,1,7082019,10:02,0.4,8.86,105.7,52.6,34.6,13.8,17.464,20190710,-53.9,7.833294297,
D_16_1_BC,16,Mytilus,Day,Before,Removal,Before_Removal,1,7082019,10:05,0.7,7.2,85.8,52.5,34.6,14.1,17.494,20190710,-35.1,7.507082549,
D2_Ocean_1_BC,Ocean,Ocean,Day,Before,Ocean,Before_Ocean,1,7092019,9:46,1.7,9.25,106.6,52.4,34.4,12.3,15.383,20190710,-53.6,7.843413954,
D_17_1_BC,17,Mytilus,Day,Before,Removal,Before_Removal,1,7092019,9:52,1.7,9.36,110,52.5,34.6,13.6,14.628,20190710,-58,7.926047001,
D_18_1_BC,18,Phyllospadix,Day,Before,Control,Before_Control,1,7092019,9:59,1.8,8.79,103.5,52.4,34.5,13.4,14.14,20190710,-55.5,7.885933186,40mL extra water
D_19_1_BC,19,Mytilus,Day,Before,Control,Before_Control,1,7092019,9:55,1.8,8.55,99,52.5,34.6,12.9,14.046,20190710,-52,7.825221891,
D_20_1_BC,20,Phyllospadix,Day,Before,Control,Before_Control,1,7092019,10:01,1.8,11.35,133,52.5,34.5,12.9,13.941,20190710,-65.2,8.057709347,80mL extra
D_21_1_BC,21,Phyllospadix,Day,Before,Removal,Before_Removal,1,7092019,10:03,1.8,10.23,121.3,52.7,34.7,13.6,14.766,20190710,-68.6,8.110534615,
D_22_1_BC,22,Phyllospadix,Day,Before,Removal,Before_Removal,1,7092019,10:06,1.8,9.89,116.3,52.6,34.6,13.5,14.124,20190710,-65,8.052715352,
D_23_1_BC,23,Mytilus,Day,Before,Removal,Before_Removal,1,7092019,10:11,1.8,8.88,105.5,52.5,34.5,13.7,14.641,20190710,-48.2,7.754331413,
D_24_1_BC,24,Mytilus,Day,Before,Removal,Before_Removal,1,7092019,10:12,1.8,8.44,99,52.5,34.6,13.5,14.513,20190710,-42,7.646614338,
D_25_1_BC,25,Mytilus,Day,Before,Control,Before_Control,1,7092019,10:14,1.8,7.23,83.7,52.6,34.6,13,14.379,20190710,-36.8,7.556366539,
D_26_1_BC,26,Phyllospadix,Day,Before,Removal,Before_Removal,1,7092019,10:19,1.9,9.78,114.4,52.6,34.6,13.1,14.891,20190710,-69.1,8.118245133,
D_27_1_BC,27,Phyllospadix,Day,Before,Control,Before_Control,1,7092019,10:21,1.9,10.62,124.1,52.5,34.6,13,14.771,20190710,-67,8.082486811,
D_28_1_BC,28,Phyllospadix,Day,Before,Removal,Before_Removal,1,7092019,10:23,1.9,10.82,127.3,52.7,34.7,13.5,14.732,20190710,-75.3,8.228109169,10 extra pumps (100mL)
D_29_1_BC,29,Phyllospadix,Day,Before,Control,Before_Control,1,7092019,10:25,1.9,12.35,148.3,52.5,34.6,13.9,15.841,20190710,-87.1,8.4242462,
D_30_1_BC,30,Mytilus,Day,Before,Control,Before_Control,1,7092019,10:28,1.9,9.01,105.2,52.6,34.6,13.5,15.36,20190710,-47.4,7.735280909,
D_31_1_BC,31,Mytilus,Day,Before,Control,Before_Control,1,7092019,10:32,1.9,7.6,90.3,52.4,34.5,13.8,15.041,20190710,-32,7.468208461,
D_32_1_BC,32,Mytilus,Day,Before,Removal,Before_Removal,1,7092019,10:35,1.8,6.98,80.8,52.8,34.8,13.2,15.142,20190710,-33,7.485076243,
D1_Ocean_2_BC,Ocean,Ocean,Day,Before,Ocean,Before_Ocean,2,7082019,10:12,0.7,9.43,109.4,52.4,34.5,12.3,18.115,20190710,-56.8,7.878680613,
D_1_2_BC,1,Phyllospadix,Day,Before,Control,Before_Control,2,7082019,10:21,1.2,9.24,96.6,53,34.9,13.3,17.408,20190710,-60.2,7.942980712,
D_2_2_BC,2,Phyllospadix,Day,Before,Removal,Before_Removal,2,7082019,10:23,1.2,11.26,133,52.7,34.7,13.6,18.261,20190710,-74.6,8.185419867,
D_3_2_BC,3,Phyllospadix,Day,Before,Removal,Before_Removal,2,7082019,10:25,1.1,10.9,128.7,52.8,34.7,13.5,17.745,20190710,-67.5,8.066844749,
D_4_2_BC,4,Phyllospadix,Day,Before,Control,Before_Control,2,7082019,10:27,1.1,10.93,131.1,52.7,34.8,14.5,18.055,20190710,-74.2,8.180266059,
D_5_2_BC,5,Phyllospadix,Day,Before,Control,Before_Control,2,7082019,10:29,1.1,12.18,148,52.9,34.9,14.9,18.168,20190710,-75.7,8.205248101,extra 50 ml
D_6_2_BC,6,Phyllospadix,Day,Before,Removal,Before_Removal,2,7082019,10:31,1.1,10.85,131.4,50.8,33.3,15.2,18.23,20190710,-74,8.175308311,extra 10 ml
D_7_2_BC,7,Phyllospadix,Day,Before,Removal,Before_Removal,2,7082019,10:28,1.1,9.68,114.2,53,34.9,13.5,17.621,20190710,-63.1,7.991595809,
D_8_2_BC,8,Phyllospadix,Day,Before,Control,Before_Control,2,7082019,10:40,1.1,9.91,119.2,52.7,34.7,14.5,17.916,20190710,-62.1,7.971947717,
D_9_2_BC,9,Mytilus,Day,Before,Control,Before_Control,2,7082019,10:44,1.1,7.97,93.8,53,34.9,13.6,17.789,20190710,-40.5,7.598781653,
D_10_2_BC,10,Mytilus,Day,Before,Removal,Before_Removal,2,7082019,10:47,0.9,8.59,102.7,52.5,34.5,14.1,18.075,20190710,-42.8,7.636707027,
D_11_2_BC,11,Mytilus,Day,Before,Removal,Before_Removal,2,7082019,10:50,0.9,5.93,69.8,52.7,34.7,13.9,18.355,20190710,-25.9,7.342652364,
D_12_2_BC,12,Mytilus,Day,Before,Control,Before_Control,2,7082019,10:53,0.9,10.12,123.5,52.5,34.6,14.9,18.729,20190710,-55.1,7.844706379,
D_13_2_BC,13,Mytilus,Day,Before,Control,Before_Control,2,7082019,10:57,0.9,7.66,92.3,52.7,34.8,14.9,18.806,20190710,-34,7.479906433,
D_14_2_BC,14,Mytilus,Day,Before,Control,Before_Control,2,7082019,10:59,0.9,5.75,67.5,53.3,35.1,13.6,18.349,20190710,-30.2,7.417029555,
D_15_2_BC,15,Mytilus,Day,Before,Removal,Before_Removal,2,7082019,11:03,0.9,9.33,113.2,52.7,34.7,15.1,19.289,20190710,-57.1,7.875018525,
D_16_2_BC,16,Mytilus,Day,Before,Removal,Before_Removal,2,7082019,11:05,0.8,7.68,93.3,52.8,34.8,15.2,18.941,20190710,-33.6,7.47217137,
D2_Ocean_2_BC,Ocean,Ocean,Day,Before,Ocean,Before_Ocean,2,7092019,10:48,1.7,9.74,114.7,52.3,34.4,12.5,15.078,20190710,-60,7.957571592,
D_17_2_BC,17,Mytilus,Day,Before,Removal,Before_Removal,2,7092019,10:56,2.1,9.96,121.4,52.5,34.6,15.1,16.168,20190710,-59.2,7.935174686,extra 150 removed
D_18_2_BC,18,Phyllospadix,Day,Before,Control,Before_Control,2,7092019,11:03,2.1,9.17,110.3,52.7,34.7,14.3,15.589,20190710,-58.1,7.920438552,
D_19_2_BC,19,Mytilus,Day,Before,Control,Before_Control,2,7092019,10:58,2.1,9.55,114.1,52.6,34.6,14,15.942,20190710,-52.8,7.825344831,
D_20_2_BC,20,Phyllospadix,Day,Before,Control,Before_Control,2,7092019,11:07,2.4,12.99,154.8,52.8,34.8,13.7,16.36,20190710,-75.4,8.215703184,
D_21_2_BC,21,Phyllospadix,Day,Before,Removal,Before_Removal,2,7092019,11:11,2.4,11.18,137.9,53,35,15.5,17.306,20190710,-78.1,8.254356254,
D_22_2_BC,22,Phyllospadix,Day,Before,Removal,Before_Removal,2,7092019,11:13,2.4,10.53,127.7,53.7,35.4,15,16.631,20190710,-65.9,8.048133407,
D_23_2_BC,23,Mytilus,Day,Before,Removal,Before_Removal,2,7092019,11:20,2.4,8.89,110,52.4,34.5,16.3,17.091,20190710,-42.7,7.641565607,
D_24_2_BC,24,Mytilus,Day,Before,Removal,Before_Removal,2,7092019,11:22,2.4,8.62,104.4,52.8,34.8,15,16.436,20190710,-41.6,7.626812917,
D_25_2_BC,25,Mytilus,Day,Before,Control,Before_Control,2,7092019,11:24,2.4,6.1,72,52.8,34.8,13.9,15.679,20190710,-29.5,7.42071174,
D_26_2_BC,26,Phyllospadix,Day,Before,Removal,Before_Removal,2,7092019,11:29,2.5,9.11,108.5,53.8,35.5,13.9,16.841,20190710,-73.3,8.175037855,
D_27_2_BC,27,Phyllospadix,Day,Before,Control,Before_Control,2,7092019,11:32,2.5,7.88,93.1,52.9,34.8,13.6,15.154,20190710,-64.3,8.032147715,
D_28_2_BC,28,Phyllospadix,Day,Before,Removal,Before_Removal,2,7092019,11:39,2.7,11.02,133,53.6,35.4,14.6,15.705,20190710,-85.1,8.390629352,started to drizzle
D_29_2_BC,29,Phyllospadix,Day,Before,Control,Before_Control,2,7092019,11:41,2.7,14.49,181.2,54.4,36,15.3,16.861,20190710,-101.4,8.663182831,
D_30_2_BC,30,Mytilus,Day,Before,Control,Before_Control,2,7092019,11:46,3,8.71,99.7,52.7,34.7,15.1,16.087,20190710,-41.6,7.629131307,
D_31_2_BC,31,Mytilus,Day,Before,Control,Before_Control,2,7092019,11:49,3,5.98,73.5,52.3,34.5,15.6,15.382,20190710,-30.9,7.446923596,
D_32_2_BC,32,Mytilus,Day,Before,Removal,Before_Removal,2,7092019,11:51,3,6.11,72.8,52.8,34.9,13.9,15.23,20190710,-37.5,7.563178656,
D1_Ocean_3_BC,Ocean,Ocean,Day,Before,Ocean,Before_Ocean,3,7082019,11:25,0.7,7.79,92.2,52.5,34.5,12.7,18.234,20190710,-62.9,7.983289634,
D_1_3_BC,1,Phyllospadix,Day,Before,Control,Before_Control,3,7082019,11:33,0.7,10.14,121.7,53.2,35.1,13.9,18.249,20190710,-61.6,7.960687768,
D_2_3_BC,2,Phyllospadix,Day,Before,Removal,Before_Removal,3,7082019,11:35,0.1,13.26,162.1,52.7,34.7,14.5,18.65,20190710,-80.2,8.278800918,
D_3_3_BC,3,Phyllospadix,Day,Before,Removal,Before_Removal,3,7082019,11:41,0.1,11.58,139.2,53.1,34.9,14.5,18.617,20190710,-75,8.189274298,
D_4_3_BC,4,Phyllospadix,Day,Before,Control,Before_Control,3,7082019,11:43,0.1,11.56,144.3,53.1,35,16.2,19.073,20190710,-79.3,8.259512789,
D_5_3_BC,5,Phyllospadix,Day,Before,Control,Before_Control,3,7082019,11:45,0.4,11.74,146.9,53.2,35.2,16.1,19.784,20190710,-78,8.230861554,
D_6_3_BC,6,Phyllospadix,Day,Before,Removal,Before_Removal,3,7082019,11:47,0.4,11.08,142.1,53.1,35.1,17.2,20.267,20190710,-81.1,8.279879252,
D_7_3_BC,7,Phyllospadix,Day,Before,Removal,Before_Removal,3,7082019,11:52,0.4,10.2,122.1,53,35,13.9,19.407,20190710,-64.9,8.008496603,
D_8_3_BC,8,Phyllospadix,Day,Before,Control,Before_Control,3,7082019,11:54,0.4,10.5,130,53.6,35.4,15.9,19.66,20190710,-63,7.973772635,
D_9_3_BC,9,Mytilus,Day,Before,Control,Before_Control,3,7082019,12:02,0.2,8.53,103.2,53.4,35.3,15,19.203,20190710,-42.6,7.625707248,
D_10_3_BC,10,Mytilus,Day,Before,Removal,Before_Removal,3,7082019,12:04,0.2,8.34,102.5,52.7,34.8,15.3,19.25,20190710,-38.4,7.553002903,
D_11_3_BC,11,Mytilus,Day,Before,Removal,Before_Removal,3,7082019,12:06,0.3,7.03,86.2,52.9,35,15.1,19.195,20190710,-25.9,7.33786866,
D_12_3_BC,12,Mytilus,Day,Before,Control,Before_Control,3,7082019,12:08,0.3,11.76,149.8,52.5,34.6,17.2,20.424,20190710,-61.7,7.945439835,
D_13_3_BC,13,Mytilus,Day,Before,Control,Before_Control,3,7082019,12:13,0.3,7.62,95.7,52.7,34.8,17,20.644,20190710,-29.9,7.39822741,
D_14_3_BC,14,Mytilus,Day,Before,Control,Before_Control,3,7082019,12:16,0.3,6.43,76.4,53.9,35.7,14.6,19.723,20190710,-31.2,7.426063057,
D_15_3_BC,15,Mytilus,Day,Before,Removal,Before_Removal,3,7082019,12:18,0.3,9.15,117.7,52.8,34.8,17.5,21.158,20190710,-59.8,7.907185117,
D_16_3_BC,16,Mytilus,Day,Before,Removal,Before_Removal,3,7082019,12:20,0,7.77,97.9,52.9,35,17.1,20.944,20190710,-35.1,7.48555633,
D2_Ocean_3_BC,Ocean,Ocean,Day,Before,Ocean,Before_Ocean,3,7092019,12:03,3.7,9.46,111.4,52.5,34.5,12.8,14.908,20190710,-64.5,8.037623736,slight rain
D_17_3_BC,17,Mytilus,Day,Before,Removal,Before_Removal,3,7092019,12:10,4.3,10.41,132.1,52.3,34.5,16.8,17.329,20190710,-59.6,7.93318253,
D_18_3_BC,18,Phyllospadix,Day,Before,Control,Before_Control,3,7092019,12:18,4,9.51,117.1,52.5,34.6,15.5,16.11,20190710,-58.7,7.926910079,
D_19_3_BC,19,Mytilus,Day,Before,Control,Before_Control,3,7092019,12:12,4.3,9.96,122.6,52.4,34.5,15.4,15.378,20190710,-57.4,7.909825846,
D_20_3_BC,20,Phyllospadix,Day,Before,Control,Before_Control,3,7092019,12:24,4,15.55,190.3,52.6,34.7,15,15.918,20190710,-85.5,8.395627833,rain picked up
D_21_3_BC,21,Phyllospadix,Day,Before,Removal,Before_Removal,3,7092019,12:25,3.4,11.34,132.8,52.6,34.6,16.1,17.212,20190710,-85.2,8.37841791,
D_22_3_BC,22,Phyllospadix,Day,Before,Removal,Before_Removal,3,7092019,12:10,4.3,10.99,130.2,52.3,34.9,16.8,16.753,20190710,-72.9,8.168835471,
D_23_3_BC,23,Mytilus,Day,Before,Removal,Before_Removal,3,7092019,12:30,3.4,8.79,111.5,52.3,34.6,17.1,17.234,20190710,-44.6,7.673582914,
D_24_3_BC,24,Mytilus,Day,Before,Removal,Before_Removal,3,7092019,12:32,3.4,9.23,114,53,35,15.7,16.468,20190710,-43.7,7.663143273,
D_25_3_BC,25,Mytilus,Day,Before,Control,Before_Control,3,7092019,12:34,3.4,5.44,64.4,52.8,34.8,14.6,15.508,20190710,-28.7,7.407756591,
D_26_3_BC,26,Phyllospadix,Day,Before,Removal,Before_Removal,3,7092019,12:38,2.8,12.7,155.6,53.3,35.2,15.4,15.97,20190710,-73.4,8.184225371,rain
D_27_3_BC,27,Phyllospadix,Day,Before,Control,Before_Control,3,7092019,12:40,2.8,11.52,138,53.3,35.1,14,14.903,20190710,-61.5,7.985176274,
D_28_3_BC,28,Phyllospadix,Day,Before,Removal,Before_Removal,3,7092019,12:43,2.8,12.21,147.8,53,34.9,15.6,15.538,20190710,-84.9,8.388687559,
D_29_3_BC,29,Phyllospadix,Day,Before,Control,Before_Control,3,7092019,12:44,2.8,15.97,200.9,53.2,35.1,16.4,17.716,20190710,-108.1,8.770545808,
D_30_3_BC,30,Mytilus,Day,Before,Control,Before_Control,3,7092019,12:47,2.6,9.24,113.5,52.5,34.6,15.5,16.138,20190710,-42.1,7.637503039,
D_31_3_BC,31,Mytilus,Day,Before,Control,Before_Control,3,7092019,12:49,2.6,7.67,95.8,52.8,34.7,16.3,15.659,20190710,-31.3,7.452240314,
D_32_3_BC,32,Mytilus,Day,Before,Removal,Before_Removal,3,7092019,12:53,2.6,8.15,97,52.8,34.8,14.7,15.373,20190710,-39.6,7.598944079,
D1_Ocean_4_BC,Ocean,Ocean,Day,Before,Ocean,Before_Ocean,4,7082019,12:31,0,10.23,120.9,52.4,34.4,13.1,19.588,20190710,-64.6,8.001885328,
D_1_4_BC,1,Phyllospadix,Day,Before,Control,Before_Control,4,7082019,12:40,0.4,12.37,151.4,53,34.9,14.9,20.154,20190710,-65.8,8.017993636,
D_2_4_BC,2,Phyllospadix,Day,Before,Removal,Before_Removal,4,7082019,12:55,0.2,15.93,207.4,53.7,35.5,17,19.373,20190710,-90.8,8.454987911,
D_3_4_BC,3,Phyllospadix,Day,Before,Removal,Before_Removal,4,7082019,12:47,0.2,13.32,166.3,53.3,35.2,15.9,20.173,20190710,-83.1,8.315082013,
D_4_4_BC,4,Phyllospadix,Day,Before,Control,Before_Control,4,7082019,12:49,0.2,11.78,153.5,52.8,34.9,18.5,22.119,20190710,-84.2,8.316275821,
D_5_4_BC,5,Phyllospadix,Day,Before,Control,Before_Control,4,7082019,12:51,0.2,12.63,165.6,54,35.8,18,21.867,20190710,-79,8.229734353,
D_6_4_BC,6,Phyllospadix,Day,Before,Removal,Before_Removal,4,7082019,12:52,0.2,10.47,141.5,53.9,35.6,19.9,23.076,20190710,-78.6,8.212313988,
D_7_4_BC,7,Phyllospadix,Day,Before,Removal,Before_Removal,4,7082019,13:04,0.2,11.49,141.3,53.7,35.4,14.9,18.938,20190710,-69.2,8.086439765,
D_8_4_BC,8,Phyllospadix,Day,Before,Control,Before_Control,4,7082019,13:06,1.5,9.16,119,52.6,34.9,18.4,20.509,20190710,-64,7.984249722,
D_9_4_BC,9,Mytilus,Day,Before,Control,Before_Control,4,7082019,13:11,1.5,8.98,112.4,55.1,36.5,16.7,19.373,20190710,-34.2,7.479851764,
D_10_4_BC,10,Mytilus,Day,Before,Removal,Before_Removal,4,7082019,13:12,1.5,8.61,109.7,54.7,36.2,16,19.389,20190710,-35.3,7.498703174,
D_11_4_BC,11,Mytilus,Day,Before,Removal,Before_Removal,4,7082019,13:13,1.5,6.21,78.5,53.6,35.5,17.1,20.069,20190710,-23.5,7.291638837,
D_12_4_BC,12,Mytilus,Day,Before,Control,Before_Control,4,7082019,13:15,0.8,11.68,161.2,52.6,34.7,20.9,22.8,20190710,-64.2,7.969511295,
D_13_4_BC,13,Mytilus,Day,Before,Control,Before_Control,4,7082019,13:17,0.8,6.63,87.3,53.9,35.7,19.7,22.017,20190710,-26,7.323482492,
D_14_4_BC,14,Mytilus,Day,Before,Control,Before_Control,4,7082019,13:19,0.8,6.03,73.9,56.6,37.6,15.5,20.3,20190710,-28.6,7.377942732,
D_15_4_BC,15,Mytilus,Day,Before,Removal,Before_Removal,4,7082019,13:20,0.8,7.79,103.4,53.4,35.3,19.3,22.091,20190710,-53.9,7.799310787,
D_16_4_BC,16,Mytilus,Day,Before,Removal,Before_Removal,4,7082019,13:23,0.8,6.73,90.9,52.7,34.5,19.3,21.821,20190710,-31.1,7.411739647,
D2_Ocean_4_BC,Ocean,Ocean,Day,Before,Ocean,Before_Ocean,4,7092019,13:08,3,10.1,117.3,52.5,34.5,12.9,14.473,20190710,-66.5,8.076172521,
D_17_4_BC,17,Mytilus,Day,Before,Removal,Before_Removal,4,7092019,13:14,3,9.84,125.9,51.9,34.2,17.4,17.046,20190710,-57.5,7.898894367,
D_18_4_BC,18,Phyllospadix,Day,Before,Control,Before_Control,4,7092019,13:20,3.1,9.37,115.8,52.9,34.9,16,16.223,20190710,-57,7.896435599,
D_19_4_BC,19,Mytilus,Day,Before,Control,Before_Control,4,7092019,13:17,3.1,10.11,125.2,52.5,34.7,15.7,15.148,20190710,-55.9,7.885355197,
D_20_4_BC,20,Phyllospadix,Day,Before,Control,Before_Control,4,7092019,13:24,3.1,17.31,213,52.6,34.7,15.5,15.66,20190710,-88.3,8.446887001,raining harder
D_21_4_BC,21,Phyllospadix,Day,Before,Removal,Before_Removal,4,7092019,13:27,2.9,11.66,146.9,52.1,34.3,17.5,17.178,20190710,-84.5,8.366580913,
D_22_4_BC,22,Phyllospadix,Day,Before,Removal,Before_Removal,4,7092019,13:28,2.9,10.53,131.4,52.8,34.9,16.6,16.703,20190710,-67.7,8.078847506,
D_23_4_BC,23,Mytilus,Day,Before,Removal,Before_Removal,4,7092019,13:33,2.9,8.1,102.9,51.9,34.2,17.6,17.201,20190710,-42.6,7.639092871,5 extra pumps (10mL)
D_24_4_BC,24,Mytilus,Day,Before,Removal,Before_Removal,4,7092019,13:35,3.6,8.92,111.2,52.1,34.3,16.4,16.552,20190710,-43,7.650397473,
D_25_4_BC,25,Mytilus,Day,Before,Control,Before_Control,4,7092019,13:37,3,8.63,66.2,52.9,35,14.8,15.52,20190710,-29.6,7.423398789,
D_26_4_BC,26,Phyllospadix,Day,Before,Removal,Before_Removal,4,7092019,13:40,3,5.25,68.1,53.1,35.1,15.1,16.189,20190710,-73.1,8.177125109,
D_27_4_BC,27,Phyllospadix,Day,Before,Control,Before_Control,4,7092019,13:43,3,9.07,107.6,53,35,14.2,15.324,20190710,-55.8,7.882284236,
D_28_4_BC,28,Phyllospadix,Day,Before,Removal,Before_Removal,4,7092019,13:45,3.6,9.83,121.6,53,35,15.4,15.784,20190710,-86.1,8.407339123,
D_29_4_BC,29,Phyllospadix,Day,Before,Control,Before_Control,4,7092019,13:46,3.6,15.39,196.6,52.9,34.9,17.2,17.178,20190710,-108.1,8.776248802,
D_30_4_BC,30,Mytilus,Day,Before,Control,Before_Control,4,7092019,13:49,3.6,7.46,90.2,52.4,34.6,15.8,15.858,20190710,-35.9,7.531256175,
D_31_4_BC,31,Mytilus,Day,Before,Control,Before_Control,4,7092019,13:51,3.6,6.7,83.5,51.9,34.2,16.4,15.575,20190710,-30,7.430054937,
D_32_4_BC,32,Mytilus,Day,Before,Removal,Before_Removal,4,7092019,13:52,3.6,7.67,93,52.6,34.7,14.9,15.168,20190710,-38.3,7.577559796,
D1_Ocean_5_BC,Ocean,Ocean,Day,Before,Ocean,Before_Ocean,5,7082019,13:31,0.5,8.41,101.2,52.4,34.5,13.3,19.315,20190710,-67.4,8.052311924,
D_1_5_BC,1,Phyllospadix,Day,Before,Control,Before_Control,5,7082019,13:39,0.3,11.89,148.4,53.4,35.2,16.1,21.496,20190710,-71.3,8.101290966,
D_2_5_BC,2,Phyllospadix,Day,Before,Removal,Before_Removal,5,7082019,13:41,0.3,14.83,196.4,52.7,34.8,19,22.445,20190710,-93.5,8.471875429,
D_3_5_BC,3,Phyllospadix,Day,Before,Removal,Before_Removal,5,7082019,13:43,0.3,14.24,182.4,53.2,35.2,17.3,22.291,20190710,-85.9,8.343712788,
D_4_5_BC,4,Phyllospadix,Day,Before,Control,Before_Control,5,7082019,13:49,0.3,9.92,133.5,55.3,36.6,19.3,24.025,20190710,-84.7,8.307461607,
D_5_5_BC,5,Phyllospadix,Day,Before,Control,Before_Control,5,7082019,13:54,0.3,7.77,110.2,54,35.8,22.4,23.287,20190710,-76.2,8.169665082,
D_6_5_BC,6,Phyllospadix,Day,Before,Removal,Before_Removal,5,7082019,14:00,0.2,9.88,129.2,52.7,34.6,18.1,24.547,20190710,-75.9,8.153740273,
D_7_5_BC,7,Phyllospadix,Day,Before,Removal,Before_Removal,5,7082019,14:02,0.2,10.8,129.9,52.4,34.6,16.1,22.138,20190710,-67.7,8.034493925,
D_8_5_BC,8,Phyllospadix,Day,Before,Control,Before_Control,5,7082019,14:05,0.8,9.54,132.7,54.5,36.3,21.6,22.979,20190710,-63.9,7.962987131,
D_9_5_BC,9,Mytilus,Day,Before,Control,Before_Control,5,7082019,14:21,1.8,7.77,100.5,55.2,36.6,18.9,21.732,20190710,-27.8,7.355875333,
D_10_5_BC,10,Mytilus,Day,Before,Removal,Before_Removal,5,7082019,14:23,1.8,7.93,102.9,53.8,35.7,18,21.053,20190710,-31,7.414642396,
D_11_5_BC,11,Mytilus,Day,Before,Removal,Before_Removal,5,7082019,14:26,1.7,4.85,64,54.5,36.1,19.5,21.044,20190710,-23.5,7.286216187,
D_12_5_BC,12,Mytilus,Day,Before,Control,Before_Control,5,7082019,14:19,1.8,13.34,193.8,52.5,34.6,24.2,24.042,20190710,-64.9,7.971540883,
D_13_5_BC,13,Mytilus,Day,Before,Control,Before_Control,5,7082019,14:15,1.8,5.87,80,55.3,36.6,20.4,23.02,20190710,-19,7.198626415,
D_14_5_BC,14,Mytilus,Day,Before,Control,Before_Control,5,7082019,14:11,0.8,7.8,109.5,50.4,33.1,22.1,22.689,20190710,-28.7,7.365632797,splashed
D_15_5_BC,15,Mytilus,Day,Before,Removal,Before_Removal,5,7082019,14:12,0.8,9.2,118.3,53.5,35.4,17.7,22.689,20190710,-28.7,7.365632797,
D_16_5_BC,16,Mytilus,Day,Before,Removal,Before_Removal,5,7082019,14:29,1.7,6.1,83.4,53.1,35.1,21.4,23.27,20190710,-29.4,7.37411545,
D2_Ocean_5_BC,Ocean,Ocean,Day,Before,Ocean,Before_Ocean,5,7092019,14:03,3.6,10.16,119.1,52.4,34.5,13,14.625,20190710,-65.1,8.050410924,windy
D_17_5_BC,17,Mytilus,Day,Before,Removal,Before_Removal,5,7092019,14:12,3,9.43,119.9,51.4,33.8,17.5,16.608,20190710,-30.2,7.42739111,
D_18_5_BC,18,Phyllospadix,Day,Before,Control,Before_Control,5,7092019,14:26,2.4,8.64,107,52.6,34.7,16.4,16.075,20190710,-54,7.84528116,
D_19_5_BC,19,Mytilus,Day,Before,Control,Before_Control,5,7092019,14:16,3,9.81,121.6,52.2,34.4,16.1,16.016,20190710,-51.9,7.809117339,5 extra pumps in tubing (extra 10 ml)
D_20_5_BC,20,Phyllospadix,Day,Before,Control,Before_Control,5,7092019,14:22,2.6,17.84,222.3,52.7,34.8,15.7,15.522,20190710,-86.9,8.423752664,
D_21_5_BC,21,Phyllospadix,Day,Before,Removal,Before_Removal,5,7092019,14:19,2.6,10.98,139.7,51.9,34.2,17.4,16.638,20190710,-79.1,8.277639982,
D_22_5_BC,22,Phyllospadix,Day,Before,Removal,Before_Removal,5,7092019,14:23,2.6,11.76,148.7,52.4,34.6,16.9,16.219,20190710,-36,7.530722786,
D_23_5_BC,23,Mytilus,Day,Before,Removal,Before_Removal,5,7092019,14:52,2.3,8.27,104.5,49.6,32.5,17.3,16.115,20190710,-34.3,7.501760277,
D_24_5_BC,24,Mytilus,Day,Before,Removal,Before_Removal,5,7092019,14:56,2.2,8.27,102,50.7,33.3,16.4,16.052,20190710,-39.6,7.594511097,
D_25_5_BC,25,Mytilus,Day,Before,Control,Before_Control,5,7092019,14:58,2.2,5.38,64.4,52.4,34.5,15.1,15.095,20190710,-27.8,7.394446515,
D_26_5_BC,26,Phyllospadix,Day,Before,Removal,Before_Removal,5,7092019,14:32,2.4,9.81,117.3,52,34.2,14.1,14.365,20190710,-73,8.19099274,ocean
D_27_5_BC,27,Phyllospadix,Day,Before,Control,Before_Control,5,7092019,14:34,2.4,8.71,103.2,53.6,33.9,14.6,14.382,20190710,-73.7,8.203116156,ocean
D_28_5_BC,28,Phyllospadix,Day,Before,Removal,Before_Removal,5,7092019,14:36,2.4,12.23,149.2,51.6,34,14.9,14.688,20190710,-82.6,8.356308058,ocean
D_29_5_BC,29,Phyllospadix,Day,Before,Control,Before_Control,5,7092019,14:37,2.4,15.07,199,51.2,33.7,17.6,15.33,20190710,-89.1,8.463990456,
D_30_5_BC,30,Mytilus,Day,Before,Control,Before_Control,5,7092019,14:48,2.3,6.29,75.5,51.4,33.8,15.6,15.297,20190710,-34,7.501597363,
D_31_5_BC,31,Mytilus,Day,Before,Control,Before_Control,5,7092019,14:47,2.3,8.03,99,50.9,33.5,16.4,15.265,20190710,-30.1,7.433647203,
D_32_5_BC,32,Mytilus,Day,Before,Removal,Before_Removal,5,7092019,14:49,2.3,6.62,80.3,52.4,34.5,15.1,15.06,20190710,-34.5,7.511808958,
N2_Ocean_1_BC,Ocean,Ocean,Night,Before,Ocean,Before_Ocean,1,7122019,1:17,4.3,8.06,98.2,50.7,33.2,15.2,15.728,20190710,-59.3,7.940310737,
N_1_1_BC,1,Phyllospadix,Night,Before,Control,Before_Control,1,7122019,1:27,4.2,6.19,73.9,50.4,33.1,15.5,16.057,20190710,-60.2,7.953456001,PFA tubes?? Are they 1 mL
N_2_1_BC,2,Phyllospadix,Night,Before,Removal,Before_Removal,1,7122019,1:29,4.2,6.41,76.1,50.4,33.1,15.4,16.002,20190710,-61.6,7.978284333,
N_3_1_BC,3,Phyllospadix,Night,Before,Removal,Before_Removal,1,7122019,1:30,4.2,6.37,75.7,50.4,33.1,15.4,15.178,20190710,-61,7.974273502,
N_4_1_BC,4,Phyllospadix,Night,Before,Control,Before_Control,1,7122019,1:32,4.2,5.26,62.3,50.4,33.1,15.5,15.826,20190710,-55.1,7.866306351,
N_5_1_BC,5,Phyllospadix,Night,Before,Control,Before_Control,1,7122019,1:33,4.2,4.28,49.7,50.4,33.1,15.5,15.916,20190710,-48,7.741849159,
N_6_1_BC,6,Phyllospadix,Night,Before,Removal,Before_Removal,1,7122019,1:34,4.2,3.17,36.5,50.5,33.1,15.5,15.787,20190710,-43.9,7.671242784,
N_7_1_BC,7,Phyllospadix,Night,Before,Removal,Before_Removal,1,7122019,1:43,4.5,6.71,80.2,50.3,33,15.3,15.926,20190710,-56.2,7.884737553,
N_8_1_BC,8,Phyllospadix,Night,Before,Control,Before_Control,1,7122019,1:44,4.5,5.23,61.3,50.7,33.3,15.2,15.626,20190710,-50.6,7.789264807,
N_9_1_BC,9,Mytilus,Night,Before,Control,Before_Control,1,7122019,1:48,4.1,3.61,41.2,50.7,33.3,15.1,15.722,20190710,-35.7,7.528624311,
N_10_1_BC,10,Mytilus,Night,Before,Removal,Before_Removal,1,7122019,1:50,4.1,2.96,33.3,50.7,33.3,15.1,15.754,20190710,-32.5,7.472600956,
N_11_1_BC,11,Mytilus,Night,Before,Removal,Before_Removal,1,7122019,1:52,4.1,2.85,31.6,50.7,33.3,15.1,15.529,20190710,-28.2,7.398904301,
N_12_1_BC,12,Mytilus,Night,Before,Control,Before_Control,1,7122019,1:56,4.1,4.41,50.5,50.8,33.3,15.2,15.609,20190710,-33.4,7.489193286,
N_13_1_BC,13,Mytilus,Night,Before,Control,Before_Control,1,7122019,1:58,4.1,4.11,48.1,50.7,33.3,15.1,15.639,20190710,-32.6,7.475047583,
N_14_1_BC,14,Mytilus,Night,Before,Control,Before_Control,1,7122019,1:59,4.1,3.75,43.2,50.7,33.3,15.1,15.463,20190710,-29.3,7.418498006,
N_15_1_BC,15,Mytilus,Night,Before,Removal,Before_Removal,1,7122019,2:01,4.1,4.5,82.6,50.7,33.3,15.1,15.529,20190710,-34.2,7.503652099,
N_16_1_BC,16,Mytilus,Night,Before,Removal,Before_Removal,1,7122019,2:20,5,3.33,37.5,50.6,33.2,15.3,15.633,20190710,-26.9,7.375609651,
N1_Ocean_1_BC,Ocean,Ocean,Night,Before,Ocean,Before_Ocean,1,7112019,0:23,7.3,8.62,102.8,50.7,33.3,14.6,15.171,20190710,-57.1,7.906157721,
N_17_1_BC,17,Mytilus,Night,Before,Removal,Before_Removal,1,7112019,1:19,6.7,7.31,35.5,50.8,33.3,14.6,15.462,20190710,-29.2,7.416757713,
N_18_1_BC,18,Phyllospadix,Night,Before,Control,Before_Control,1,7112019,1:26,7,5.13,60.2,50.8,33.4,14.7,15.792,20190710,-38.7,7.580510053,
N_19_1_BC,19,Mytilus,Night,Before,Control,Before_Control,1,7112019,1:17,6.7,3.57,41,50.9,33.4,14.5,15.715,20190710,-31.4,7.453647444,
N_20_1_BC,20,Phyllospadix,Night,Before,Control,Before_Control,1,7112019,1:13,7.4,5.55,64.9,50.8,33.3,14.5,15.345,20190710,-52,7.815743853,
N_21_1_BC,21,Phyllospadix,Night,Before,Removal,Before_Removal,1,7112019,1:12,7.4,5.42,63.6,50.5,32.3,14.6,15.282,20190710,-44.9,7.692145072,
N_22_1_BC,22,Phyllospadix,Night,Before,Removal,Before_Removal,1,7112019,1:09,7.4,4.91,57.7,50.6,33.2,14.6,15.318,20190710,-44.6,7.686657081,
N_23_1_BC,23,Mytilus,Night,Before,Removal,Before_Removal,1,7112019,1:04,7.3,3.35,38.4,50.7,33.2,14.6,15.321,20190710,-24.9,7.342466653,
N_24_1_BC,24,Mytilus,Night,Before,Removal,Before_Removal,1,7112019,1:02,7.3,3.61,42,50.6,33.2,14.6,15.157,20190710,-23.4,7.317171486,
N_25_1_BC,25,Mytilus,Night,Before,Control,Before_Control,1,7112019,1:00,7.3,4.15,47.7,50.7,33.3,14.6,15.272,20190710,-26.9,7.377690221,
N_26_1_BC,26,Phyllospadix,Night,Before,Removal,Before_Removal,1,7112019,0:55,7.3,6.71,79.4,50.4,33,14.6,15.054,20190710,-56.3,7.893057243,
N_27_1_BC,27,Phyllospadix,Night,Before,Control,Before_Control,1,7112019,0:53,6.9,6.96,82.9,50.5,33.2,14.6,15.435,20190710,-58,7.919870283,
N_28_1_BC,28,Phyllospadix,Night,Before,Removal,Before_Removal,1,7112019,0:50,6.9,5.83,68.1,50.6,33.2,14.6,15.157,20190710,-51.6,7.810121365,
N_29_1_BC,29,Phyllospadix,Night,Before,Control,Before_Control,1,7112019,0:49,6.9,6.57,77.8,50.6,33.2,14.7,15.196,20190710,-52.1,7.81857718,
N_30_1_BC,30,Mytilus,Night,Before,Control,Before_Control,1,7112019,0:45,6.9,4.6,54.4,50.6,33.2,14.6,15.165,20190710,-37,7.554855156,
N_31_1_BC,31,Mytilus,Night,Before,Control,Before_Control,1,7112019,0:43,7.2,3.03,34.5,50.6,33.2,14.6,15.013,20190710,-30.2,7.436897982,
N_32_1_BC,32,Mytilus,Night,Before,Removal,Before_Removal,1,7112019,0:42,7.2,3.65,41.7,50.6,33.2,14.6,15.147,20190710,-30.7,7.444839039,
N2_Ocean_2_BC,Ocean,Ocean,Night,Before,Ocean,Before_Ocean,2,7122019,2:30,4.9,8.3,100.5,50.6,33.2,15.3,15.526,20190710,-59,7.936632776,
N_1_2_BC,1,Phyllospadix,Night,Before,Control,Before_Control,2,7122019,2:39,4.5,5.12,59.2,50.4,33.1,15.5,15.99,20190710,-51.5,7.802334222,
N_2_2_BC,2,Phyllospadix,Night,Before,Removal,Before_Removal,2,7122019,2:42,4.5,5.31,63.9,50.5,33.1,15.4,15.539,20190710,-52.5,7.823059774,
N_3_2_BC,3,Phyllospadix,Night,Before,Removal,Before_Removal,2,7122019,2:43,4.5,5.39,63.1,50.5,33.1,15.4,15.588,20190710,-52.8,7.827937886,
N_4_2_BC,4,Phyllospadix,Night,Before,Control,Before_Control,2,7122019,2:45,4.7,3.65,41.8,50.5,33.1,15.4,15.508,20190710,-44.2,7.678374755,
N_5_2_BC,5,Phyllospadix,Night,Before,Control,Before_Control,2,7122019,2:48,4.7,3.12,34.9,50.5,33.1,15.5,15.58,20190710,-36.7,7.546972901,
N_6_2_BC,6,Phyllospadix,Night,Before,Removal,Before_Removal,2,7122019,2:46,4.7,3,32.6,50.5,33.1,15.4,15.537,20190710,-33.5,7.491382228,
N_7_2_BC,7,Phyllospadix,Night,Before,Removal,Before_Removal,2,7122019,2:54,4.7,4.06,50.3,50,33,15.6,15.519,20190710,-42,7.639890997,
N_8_2_BC,8,Phyllospadix,Night,Before,Control,Before_Control,2,7122019,2:59,4.8,3.71,41.3,50.6,33.2,15.2,15.41,20190710,-37.9,7.569011593,
N_9_2_BC,9,Mytilus,Night,Before,Control,Before_Control,2,7122019,3:04,4.8,3.07,34.1,50.7,33.3,15.1,15.342,20190710,-31.2,7.452404628,
N_10_2_BC,10,Mytilus,Night,Before,Removal,Before_Removal,2,7122019,3:06,4.6,2.56,29,50.8,33.3,15.1,15.313,20190710,-27.2,7.382695188,
N_11_2_BC,11,Mytilus,Night,Before,Removal,Before_Removal,2,7122019,3:07,4.6,2.53,26,50.8,33.3,15.1,15.314,20190710,-26.9,7.377448112,
N_12_2_BC,12,Mytilus,Night,Before,Control,Before_Control,2,7122019,3:10,4.6,3.41,39.1,50.8,33.3,15.2,15.275,20190710,-29.7,7.426598281,
N_13_2_BC,13,Mytilus,Night,Before,Control,Before_Control,2,7122019,3:15,4.8,3.64,40.4,50.7,33.3,15.1,15.242,20190710,-27.7,7.391843437,
N_14_2_BC,14,Mytilus,Night,Before,Control,Before_Control,2,7122019,3:16,4.8,2.62,30.3,50.7,33.3,15.1,15.261,20190710,-26.5,7.370763957,
N_15_2_BC,15,Mytilus,Night,Before,Removal,Before_Removal,2,7122019,3:18,4.8,3.36,38.1,50.7,33.5,15.1,15.349,20190710,-30.2,7.434893598,
N_16_2_BC,16,Mytilus,Night,Before,Removal,Before_Removal,2,7122019,3:20,4.8,3.46,39.1,50.7,33.3,15.2,15.453,20190710,-26.9,7.376646938,
N1_Ocean_2_BC,Ocean,Ocean,Night,Before,Ocean,Before_Ocean,2,7112019,1:31,7,8.98,108.1,50.8,33.3,14.6,14.868,20190710,-59.9,7.957454859,
N_17_2_BC,17,Mytilus,Night,Before,Removal,Before_Removal,2,7112019,2:18,6.1,2.53,27.5,50.8,33.4,14.6,15.075,20190710,-25.4,7.352597813,
N_18_2_BC,18,Phyllospadix,Night,Before,Control,Before_Control,2,7112019,2:23,6.1,4.38,49.4,50.8,33.4,14.7,15.006,20190710,-32.7,7.480663882,
N_19_2_BC,19,Mytilus,Night,Before,Control,Before_Control,2,7112019,2:15,6.1,2.99,33.8,50.9,33.4,14.5,15.061,20190710,-27.6,7.391147159,
N_20_2_BC,20,Phyllospadix,Night,Before,Control,Before_Control,2,7112019,2:12,6.4,3.75,44.5,50.9,33.4,14.4,14.896,20190710,-43.3,7.666798129,
N_21_2_BC,21,Phyllospadix,Night,Before,Removal,Before_Removal,2,7112019,2:10,6.4,3.76,42.9,50.8,33.4,14.6,14.98,20190710,-36.5,7.547289651,
N_22_2_BC,22,Phyllospadix,Night,Before,Removal,Before_Removal,2,7112019,2:08,6.4,3.5,40.4,50.9,33.4,14.6,14.957,20190710,-36.2,7.542187911,
N_23_2_BC,23,Mytilus,Night,Before,Removal,Before_Removal,2,7112019,2:04,6.8,3.03,33.5,50.7,33.3,14.6,15.021,20190710,-21.3,7.281200443,
N_24_2_BC,24,Mytilus,Night,Before,Removal,Before_Removal,2,7112019,2:02,6.8,2.92,43.8,50.8,33.3,14.6,15.024,20190710,-21.5,7.284681875,
N_25_2_BC,25,Mytilus,Night,Before,Control,Before_Control,2,7112019,2:00,6.8,2.64,29.9,50.8,33.4,14.5,14.902,20190710,-26.8,7.378074092,
N_26_2_BC,26,Phyllospadix,Night,Before,Removal,Before_Removal,2,7112019,1:54,6.9,3.16,35.4,50.6,33.2,14.6,14.858,20190710,-38.2,7.577812104,
N_27_2_BC,27,Phyllospadix,Night,Before,Control,Before_Control,2,7112019,1:53,6.9,5.03,58.2,50.6,33.2,14.6,14.848,20190710,-41.1,7.628624468,
N_28_2_BC,28,Phyllospadix,Night,Before,Removal,Before_Removal,2,7112019,1:50,6.9,3.64,43,50.8,33.3,14.6,14.962,20190710,-40.2,7.612125545,
N_29_2_BC,29,Phyllospadix,Night,Before,Control,Before_Control,2,7112019,1:48,6.9,3.21,37,51,33.5,14.7,14.929,20190710,-40.7,7.621089679,
N_30_2_BC,30,Mytilus,Night,Before,Control,Before_Control,2,7112019,1:43,6.8,2.96,33.4,50.7,33.3,14.6,14.978,20190710,-27.3,7.386381913,
N_31_2_BC,31,Mytilus,Night,Before,Control,Before_Control,2,7112019,1:42,6.8,3.75,36.7,50.7,33.3,14.6,15.045,20190710,-30.1,7.434958314,
N_32_2_BC,32,Mytilus,Night,Before,Removal,Before_Removal,2,7112019,1:38,6.8,2.71,31.7,50.8,33.3,14.6,15.069,20190710,-30.1,7.434815262,
N2_Ocean_3_BC,Ocean,Ocean,Night,Before,Ocean,Before_Ocean,3,7122019,3:34,4.5,8.06,97.3,50.6,33.2,15.3,15.41,20190710,-58.3,7.925300976,
N_1_3_BC,1,Phyllospadix,Night,Before,Control,Before_Control,3,7122019,3:40,5.1,3.87,43.8,50.4,33.1,15.4,15.426,20190710,-45.2,7.696397365,
N_2_3_BC,2,Phyllospadix,Night,Before,Removal,Before_Removal,3,7122019,3:42,5.1,4.29,48.8,50.5,33.1,15.4,15.432,20190710,-46.2,7.713819974,
N_3_3_BC,3,Phyllospadix,Night,Before,Removal,Before_Removal,3,7122019,3:45,4.7,4.52,52.6,50.5,33.1,15.4,15.375,20190710,-45.8,7.707228177,
N_4_3_BC,4,Phyllospadix,Night,Before,Control,Before_Control,3,7122019,3:46,4.7,3.06,34.6,50.5,33.1,15.4,15.42,20190710,-36.8,7.549736282,
N_5_3_BC,5,Phyllospadix,Night,Before,Control,Before_Control,3,7122019,3:49,4.7,2.7,31,50.4,33.1,15.4,15.668,20190710,-33.4,7.488830149,
N_6_3_BC,6,Phyllospadix,Night,Before,Removal,Before_Removal,3,7122019,3:48,4.7,2.43,27.3,50.5,33.1,15.4,15.602,20190710,-39.7,7.599193754,
N_7_3_BC,7,Phyllospadix,Night,Before,Removal,Before_Removal,3,7122019,3:55,4.7,3.62,40.5,50.3,33,15.6,15.527,20190710,-38.2,7.573496857,
N_8_3_BC,8,Phyllospadix,Night,Before,Control,Before_Control,3,7122019,3:57,4.7,3.67,41.2,50.7,33.3,15.2,15.428,20190710,-34,7.500785967,
N_9_3_BC,9,Mytilus,Night,Before,Control,Before_Control,3,7122019,4:02,4.7,3.29,35.5,50.7,33.3,15.1,15.341,20190710,-29.6,7.424459704,
N_10_3_BC,10,Mytilus,Night,Before,Removal,Before_Removal,3,7122019,4:03,4.7,2.48,26.7,50.8,33.3,15.1,15.346,20190710,-25.2,7.347566288,
N_11_3_BC,11,Mytilus,Night,Before,Removal,Before_Removal,3,7122019,4:05,4.1,2.77,30.3,50.8,33.3,15.1,15.387,20190710,-25.9,7.359560776,first light
N_12_3_BC,12,Mytilus,Night,Before,Control,Before_Control,3,7122019,4:07,4.1,3.13,35.5,50.8,33.3,15.1,15.409,20190710,-28,7.396112281,
N_13_3_BC,13,Mytilus,Night,Before,Control,Before_Control,3,7122019,4:09,4.1,2.44,27.4,50.8,33.3,15.1,15.384,20190710,-26.5,7.37005793,
N_14_3_BC,14,Mytilus,Night,Before,Control,Before_Control,3,7122019,4:12,4.1,3.6,38.9,50.7,33.3,15.1,15.386,20190710,-25.5,7.352579832,
N_15_3_BC,15,Mytilus,Night,Before,Removal,Before_Removal,3,7122019,4:14,4.1,3.22,37.3,50.8,33.3,15.1,15.373,20190710,-28.9,7.412042839,
N_16_3_BC,16,Mytilus,Night,Before,Removal,Before_Removal,3,7122019,4:17,4.6,3.15,35.9,50.7,33.3,15.2,15.404,20190710,-25.3,7.348984504,
N1_Ocean_3_BC,Ocean,Ocean,Night,Before,Ocean,Before_Ocean,3,7112019,2:38,6.4,8.69,103.8,50.9,33.4,14.6,15.352,20190710,-56.9,7.901289383,
N_17_3_BC,17,Mytilus,Night,Before,Removal,Before_Removal,3,7112019,3:24,5.1,2.53,27.3,51,33.5,14.6,15.264,20190710,-23.2,7.313082513,
N_18_3_BC,18,Phyllospadix,Night,Before,Control,Before_Control,3,7112019,3:29,5.6,3.99,44.7,50.9,33.4,14.7,15.266,20190710,-29.1,7.416167358,
N_19_3_BC,19,Mytilus,Night,Before,Control,Before_Control,3,7112019,3:22,5.1,3.07,34.1,50.9,33.4,14.5,15.22,20190710,-25.1,7.346531982,
N_20_3_BC,20,Phyllospadix,Night,Before,Control,Before_Control,3,7112019,3:20,5.1,3.88,43.9,50.9,33.4,14.4,15.009,20190710,-37.6,7.56634393,
N_21_3_BC,21,Phyllospadix,Night,Before,Removal,Before_Removal,3,7112019,3:17,5.1,3.71,40.5,50.8,33.4,14.7,15.167,20190710,-32,7.467442971,
N_22_3_BC,22,Phyllospadix,Night,Before,Removal,Before_Removal,3,7112019,3:15,5.1,3.67,41.4,51,33.5,14.7,15.217,20190710,-33.4,7.491606847,
N_23_3_BC,23,Mytilus,Night,Before,Removal,Before_Removal,3,7112019,3:09,5.5,2.45,26.6,50.8,33.3,14.6,15.37,20190710,-23.2,7.312495247,
N_24_3_BC,24,Mytilus,Night,Before,Removal,Before_Removal,3,7112019,3:07,5.5,2.61,30,50.9,33.4,14.5,15.23,20190710,-22.5,7.301037648,
N_25_3_BC,25,Mytilus,Night,Before,Control,Before_Control,3,7112019,3:05,5.5,2.5,39.4,50.9,33.4,14.5,14.974,20190710,-31,7.451123978,
N_26_3_BC,26,Phyllospadix,Night,Before,Removal,Before_Removal,3,7112019,3:00,5.5,2.49,28.3,50.7,33.3,14.4,15.187,20190710,-33.3,7.490043755,
N_27_3_BC,27,Phyllospadix,Night,Before,Control,Before_Control,3,7112019,2:58,5.5,2.89,33,50.7,33.3,14.6,15.138,20190710,-33.3,7.490345279,
N_28_3_BC,28,Phyllospadix,Night,Before,Removal,Before_Removal,3,7112019,2:54,6.4,2.84,31.8,50.8,33.4,14.6,15.346,20190710,-32.8,7.480330994,
N_29_3_BC,29,Phyllospadix,Night,Before,Control,Before_Control,3,7112019,2:52,6.4,3.31,37.4,50.7,33.3,14.6,15.173,20190710,-34.3,7.507609424,
N_30_3_BC,30,Mytilus,Night,Before,Control,Before_Control,3,7112019,2:49,6.4,3.22,35.3,50.7,33.3,14.6,14.978,20190710,-27,7.381134507,
N_31_3_BC,31,Mytilus,Night,Before,Control,Before_Control,3,7112019,2:45,6.4,2.38,22.2,50.7,33.3,14.7,15.001,20190710,-29.6,7.426475613,
N_32_3_BC,32,Mytilus,Night,Before,Removal,Before_Removal,3,7112019,2:43,6.4,2.61,26.3,50.8,33.3,14.7,15.221,20190710,-29,7.414685115,
N2_Ocean_4_BC,Ocean,Ocean,Night,Before,Ocean,Before_Ocean,4,7122019,4:22,4.6,7.92,95.3,50.7,33.2,15.2,15.42,20190710,-57.1,7.904266863,
N_1_4_BC,1,Phyllospadix,Night,Before,Control,Before_Control,4,7122019,4:31,4.9,3.64,41.1,50.5,33.1,15.3,15.572,20190710,-39.5,7.595898766,
N_2_4_BC,2,Phyllospadix,Night,Before,Removal,Before_Removal,4,7122019,4:33,4.9,3.45,39,50.5,33.1,15.3,15.409,20190710,-39.5,7.596962384,
N_3_4_BC,3,Phyllospadix,Night,Before,Removal,Before_Removal,4,7122019,4:36,5.5,3.96,45,50.5,33.1,15.4,15.411,20190710,-38.7,7.582977248,
N_4_4_BC,4,Phyllospadix,Night,Before,Control,Before_Control,4,7122019,4:38,5.5,3.05,33,50.5,33.2,15.4,15.368,20190710,-31.2,7.452247993,
N_5_4_BC,5,Phyllospadix,Night,Before,Control,Before_Control,4,7122019,4:43,5.5,3.95,44.4,50.5,33.1,15.4,15.425,20190710,-28.3,7.401258276,
N_6_4_BC,6,Phyllospadix,Night,Before,Removal,Before_Removal,4,7122019,4:40,5.5,2.68,30.2,50.5,33.1,15.4,15.428,20190710,-25.4,7.350594909,
N_7_4_BC,7,Phyllospadix,Night,Before,Removal,Before_Removal,4,7122019,4:48,5.4,2.94,33.6,50.2,33,15.5,15.469,20190710,-34.6,7.511009012,
N_8_4_BC,8,Phyllospadix,Night,Before,Control,Before_Control,4,7122019,4:50,5.4,3.14,36.2,50.7,33.3,15.2,15.286,20190710,-30,7.431774807,
N_9_4_BC,9,Mytilus,Night,Before,Control,Before_Control,4,7122019,4:54,5.4,3.07,33.7,50.8,33.3,15.1,15.243,20190710,-26.9,7.3778574,
N_10_4_BC,10,Mytilus,Night,Before,Removal,Before_Removal,4,7122019,4:56,5.4,1.72,19.6,50.8,33.3,15.1,15.297,20190710,-23.6,7.319888481,
N_11_4_BC,11,Mytilus,Night,Before,Removal,Before_Removal,4,7122019,4:58,5.4,2.59,28.2,50.8,33.3,15.1,15.354,20190710,-25.3,7.349267854,
N_12_4_BC,12,Mytilus,Night,Before,Control,Before_Control,4,7122019,5:00,5.4,4.07,46.3,50.8,33.4,15.2,15.343,20190710,-27,7.379027871,
N_13_4_BC,13,Mytilus,Night,Before,Control,Before_Control,4,7122019,5:02,5.4,3.08,33.8,50.8,33.3,15.1,15.248,20190710,-24.7,7.339383627,
N_14_4_BC,14,Mytilus,Night,Before,Control,Before_Control,4,7122019,5:04,5.4,1.86,21.3,50.7,33.3,15,15.296,20190710,-23.7,7.321641252,
N_15_4_BC,15,Mytilus,Night,Before,Removal,Before_Removal,4,7122019,5:05,4.9,2.9,31.9,50.7,33.3,15,15.201,20190710,-27.8,7.393829574,
N_16_4_BC,16,Mytilus,Night,Before,Removal,Before_Removal,4,7122019,5:09,4.9,3.74,42,50.7,33.3,15.2,15.354,20190710,-27.8,7.392939244,
N1_Ocean_4_BC,Ocean,Ocean,Night,Before,Ocean,Before_Ocean,4,7112019,3:46,4.7,8.4,101.3,50.3,33,14.9,15.257,20190710,-59.6,7.94919059,
N_17_4_BC,17,Mytilus,Night,Before,Removal,Before_Removal,4,7112019,4:26,4.2,3.36,37,51,33.5,14.6,15.104,20190710,-20.3,7.263266333,
N_18_4_BC,18,Phyllospadix,Night,Before,Control,Before_Control,4,7112019,4:29,4.2,3.74,42.5,50.9,33.4,14.7,15.078,20190710,-25.8,7.3595749,
N_19_4_BC,19,Mytilus,Night,Before,Control,Before_Control,4,7112019,4:23,4.2,3.13,36,50.9,33.4,14.5,15.022,20190710,-21.2,7.279446148,
N_20_4_BC,20,Phyllospadix,Night,Before,Control,Before_Control,4,7112019,4:21,4.2,3.14,33.4,50.6,33.4,14.4,14.99,20190710,-36.3,7.543728029,
N_21_4_BC,21,Phyllospadix,Night,Before,Removal,Before_Removal,4,7112019,4:19,4.2,3.36,37.6,50.9,33.2,14.6,15.115,20190710,-30,7.43279279,
N_22_4_BC,22,Phyllospadix,Night,Before,Removal,Before_Removal,4,7112019,4:17,4.2,4.1,47,50.9,33.4,14.7,15.053,20190710,-29.6,7.42616723,
N_23_4_BC,23,Mytilus,Night,Before,Removal,Before_Removal,4,7112019,4:12,4.4,2.62,29.6,50.8,33.3,14.6,14.984,20190710,-22.1,7.295394029,
N_24_4_BC,24,Mytilus,Night,Before,Removal,Before_Removal,4,7112019,4:10,4.4,3.5,38.6,50.8,33.3,14.6,14.984,20190710,-22.1,7.295394029,
N_25_4_BC,25,Mytilus,Night,Before,Control,Before_Control,4,7112019,4:08,4.4,3.5,39.8,50.9,33.4,14.3,14.85,20190710,-23.8,7.325876328,
N_26_4_BC,26,Phyllospadix,Night,Before,Removal,Before_Removal,4,7112019,4:04,4.2,2.56,28.2,50.7,33.2,14.6,14.815,20190710,-31,7.452080644,
N_27_4_BC,27,Phyllospadix,Night,Before,Control,Before_Control,4,7112019,4:02,4.2,3.46,38.6,50.7,33.3,14.5,14.92,20190710,-29.4,7.423457057,
N_28_4_BC,28,Phyllospadix,Night,Before,Removal,Before_Removal,4,7112019,3:59,4.2,1.86,21.5,50.8,33.3,14.5,14.872,20190710,-29.2,7.420241638,
N_29_4_BC,29,Phyllospadix,Night,Before,Control,Before_Control,4,7112019,3:58,4.2,3.57,39.9,50.8,33.3,14.6,14.91,20190710,-30.8,7.448009924,
N_30_4_BC,30,Mytilus,Night,Before,Control,Before_Control,4,7112019,3:55,4.2,3.7,41.5,50.8,33.3,14.6,14.861,20190710,-31.9,7.467552458,
N_31_4_BC,31,Mytilus,Night,Before,Control,Before_Control,4,7112019,3:51,4.7,2.8,30.1,50.7,33.3,14.7,14.946,20190710,-27.5,7.390065897,
N_32_4_BC,32,Mytilus,Night,Before,Removal,Before_Removal,4,7112019,3:50,4.7,3.46,38,50.7,33.3,14.7,15.023,20190710,-30.2,7.436838313,
N2_Ocean_5_BC,Ocean,Ocean,Night,Before,Ocean,Before_Ocean,5,7112019,4:34,4.2,8.57,103.1,50.2,32.9,14.9,15.376,20190710,-60.1,7.957002572,
N_17_5_BC,17,Mytilus,Night,Before,Removal,Before_Removal,5,7112019,5:17,4.3,2.52,27.6,51,33.5,14.5,15.308,20190710,-16.8,7.201022148,nutrients and microbes lost to towel
N_18_5_BC,18,Phyllospadix,Night,Before,Control,Before_Control,5,7112019,5:29,4.1,3.7,36.1,50.9,33.4,14.7,15.355,20190710,-23.9,7.324806294,
N_19_5_BC,19,Mytilus,Night,Before,Control,Before_Control,5,7112019,5:15,4.3,3.16,34.1,51,33.5,14.5,15.328,20190710,-17.1,7.206160134,
N_20_5_BC,20,Phyllospadix,Night,Before,Control,Before_Control,5,7112019,5:09,5,3.31,37.3,51.2,33.6,14.9,15.437,20190710,-31.9,7.464056812,splashed with ocean
N_21_5_BC,21,Phyllospadix,Night,Before,Removal,Before_Removal,5,7112019,5:11,5,2.8,34,51,33.5,14.6,15.461,20190710,-27.2,7.381839456,
N_22_5_BC,22,Phyllospadix,Night,Before,Removal,Before_Removal,5,7112019,5:25,4.1,3.72,39.2,51,33.5,14.7,15.24,20190710,-27.1,7.381369787,
N_23_5_BC,23,Mytilus,Night,Before,Removal,Before_Removal,5,7112019,5:04,5,2.68,31.3,50.8,33.3,14.6,15.541,20190710,-20.8,7.269650624,
N_24_5_BC,24,Mytilus,Night,Before,Removal,Before_Removal,5,7112019,5:02,5,3.68,41.2,50.8,33.3,14.6,15.383,20190710,-21.7,7.286223029,
N_25_5_BC,25,Mytilus,Night,Before,Control,Before_Control,5,7112019,4:59,5,3.92,44.2,51.1,33.5,14.3,15.214,20190710,-29.4,7.421717177,
N_26_5_BC,26,Phyllospadix,Night,Before,Removal,Before_Removal,5,7112019,4:37,4.6,3.83,43.4,50.6,33.2,14.6,15.403,20190710,-26.6,7.371695437,lost to posedian 
N_27_5_BC,27,Phyllospadix,Night,Before,Control,Before_Control,5,7112019,4:39,4.6,3.03,33.4,50.8,33.4,14.4,15.255,20190710,-24.5,7.335849296,maybe ocean
N_28_5_BC,28,Phyllospadix,Night,Before,Removal,Before_Removal,5,7112019,4:41,4.6,2.98,33,50.8,33.4,14.5,15.211,20190710,-31.6,7.460184808,
N_29_5_BC,29,Phyllospadix,Night,Before,Control,Before_Control,5,7112019,4:42,4.6,2.51,29,50.7,33.3,14.6,15.366,20190710,-30.2,7.434792213,
N_30_5_BC,30,Mytilus,Night,Before,Control,Before_Control,5,7112019,4:50,4.7,3.6,40.8,51,33.4,14.5,15.416,20190710,-25.3,7.348916502,
N_31_5_BC,31,Mytilus,Night,Before,Control,Before_Control,5,7112019,4:54,4.7,2.8,31.6,50.9,33.4,14.7,15.418,20190710,-28.2,7.399552746,
N_32_5_BC,32,Mytilus,Night,Before,Removal,Before_Removal,5,7112019,4:52,4.7,3.05,33.9,50.9,33.4,14.6,15.858,20190710,-26.5,7.367338104,
D1_Ocean_1_AI,Ocean,Ocean,Day,After,Ocean,After_Ocean,1,8052019,7:36,2,,,53.8,35.3,10.4,13.034,20190804,-38.3,7.591371455,
D_1_1_AI,1,Phyllospadix,Day,After,Control,After_Control,1,8052019,7:45,1.7,,,52.3,35.5,10.8,13.676,20190804,-42,7.652220438,wind picked up
D_2_1_AI,2,Phyllospadix,Day,After,Removal,After_Removal,1,8052019,7:47,1.7,,,52.5,34.6,10.9,13.631,20190804,-47.1,7.742147082,
D_3_1_AI,3,Phyllospadix,Day,After,Removal,After_Removal,1,8052019,7:51,1.7,,,52.4,35.6,10.9,13.702,20190804,-46.9,7.738134986,
D_4_1_AI,4,Phyllospadix,Day,After,Control,After_Control,1,8052019,7:52,1.7,,,52.6,34.6,11,13.977,20190804,-41.9,7.648447759,
D_5_1_AI,5,Phyllospadix,Day,After,Control,After_Control,1,8052019,7:54,1.7,,,53.2,34.5,11.7,14.252,20190804,-57.2,7.914901352,
D_6_1_AI,6,Phyllospadix,Day,After,Removal,After_Removal,1,8052019,7:55,1.1,,,53.1,34.6,11.7,14.336,20190804,-50.8,7.8020665,
D_7_1_AI,7,Phyllospadix,Day,After,Removal,After_Removal,1,8052019,8:05,1.8,,,52.8,35.8,11.2,14.545,20190804,-46.8,7.730485092,
D_8_1_AI,8,Phyllospadix,Day,After,Control,After_Control,1,8052019,8:07,1.8,,,53,35.7,11.3,14.302,20190804,-39.2,7.598935501,
D_9_1_AI,9,Mytilus,Day,After,Control,After_Control,1,8052019,8:14,1.8,,,52.6,34.4,10.9,13.337,20190804,-29.7,7.438118597,
D_10_1_AI,10,Mytilus,Day,After,Removal,After_Removal,1,8052019,8:16,1.6,,,52.2,34.5,10.8,13.772,20190804,-34.9,7.526866231,
D_11_1_AI,11,Mytilus,Day,After,Removal,After_Removal,1,8052019,8:17,1.6,,,52.3,34.7,10.8,14.043,20190804,-42.3,7.655025332,
D_12_1_AI,12,Mytilus,Day,After,Control,After_Control,1,8052019,8:21,1.6,,,53,34.5,11.3,13.663,20190804,-37.7,7.576749953,
D_13_1_AI,13,Mytilus,Day,After,Control,After_Control,1,8052019,8:26,1.9,,,53,34.7,11.5,13.716,20190804,-32.2,7.479782894,
D_14_1_AI,14,Mytilus,Day,After,Control,After_Control,1,8052019,8:29,1.9,,,53.1,34.7,11.4,13.822,20190804,-27.1,7.389570677,
D_15_1_AI,15,Mytilus,Day,After,Removal,After_Removal,1,8052019,8:32,1.9,,,52.8,35.7,11.1,13.594,20190804,-59.9,7.967376713,
D_16_1_AI,16,Mytilus,Day,After,Removal,After_Removal,1,8052019,8:48,1.5,8.22,93.9,53.3,35.2,11.4,13.684,20190804,-43.6,7.680279215,
D2_Ocean_1_AI,Ocean,Ocean,Day,After,Ocean,After_Ocean,1,8062019,8:24,1,8.57,96.2,53.3,35,10.8,14.626,20190804,-37.9,7.574056113,
D_17_1_AI,17,Mytilus,Day,After,Removal,After_Removal,1,8062019,9:06,1.2,12.96,150.2,53.4,35.2,12.1,14.748,20190804,-51.2,7.806091425,
D_18_1_AI,18,Phyllospadix,Day,After,Control,After_Control,1,8062019,9:20,1.4,7.37,86.6,53.6,35.3,12.3,15.05,20190804,-39.2,7.594060049,
D_19_1_AI,19,Mytilus,Day,After,Control,After_Control,1,8062019,9:05,1.2,8.9,102.9,53.7,35.3,11.5,14.063,20190804,-40.9,7.63032509,
D_20_1_AI,20,Phyllospadix,Day,After,Control,After_Control,1,8062019,9:14,1.2,9.18,104.8,53.7,35.3,11.3,14.712,20190804,-46.9,7.731069999,
D_21_1_AI,21,Phyllospadix,Day,After,Removal,After_Removal,1,8062019,9:08,1.2,16.06,191,53.3,35.1,13.2,15.446,20190804,-76.7,8.246344045,
D_22_1_AI,22,Phyllospadix,Day,After,Removal,After_Removal,1,8062019,9:17,1.4,13.6,161,53.4,35.2,13,14.95,20190804,-61.4,7.983057142,
D_23_1_AI,23,Mytilus,Day,After,Removal,After_Removal,1,8062019,8:58,1,9.13,106.2,53.6,35.3,12.1,14.317,20190804,-44.7,7.695261294,
D_24_1_AI,24,Mytilus,Day,After,Removal,After_Removal,1,8062019,8:56,1,10.64,123,53.3,35.1,11.9,13.826,20190804,-46.5,7.730241915,
D_25_1_AI,25,Mytilus,Day,After,Control,After_Control,1,8062019,8:55,1,5.68,65.2,53.8,35.4,11.4,13.592,20190804,-30.8,7.455933677,
D_26_1_AI,26,Phyllospadix,Day,After,Removal,After_Removal,1,8062019,8:36,0.6,10.32,118.6,53.4,35.1,11.4,14.248,20190804,-53.8,7.855310188,
D_27_1_AI,27,Phyllospadix,Day,After,Control,After_Control,1,8062019,8:35,0.6,8.76,100.4,53.6,35.2,11.2,14.133,20190804,-46.3,7.724592074,
D_28_1_AI,28,Phyllospadix,Day,After,Removal,After_Removal,1,8062019,8:33,0.6,12.53,144.2,53.6,35.3,11.5,14.422,20190804,-59.4,7.952161232,
D_29_1_AI,29,Phyllospadix,Day,After,Control,After_Control,1,8062019,8:29,0.6,11.08,128,54.3,35.8,11.2,14.472,20190804,-61.8,7.993826724,
D_30_1_AI,30,Mytilus,Day,After,Control,After_Control,1,8062019,8:47,1.1,7.18,83.1,53.6,35.3,11.4,14.084,20190804,-30.4,7.445955015,
D_31_1_AI,31,Mytilus,Day,After,Control,After_Control,1,8062019,8:45,1.1,8.1,93.6,53.6,35.3,11.6,13.95,20190804,-27.8,7.401117347,
D_32_1_AI,32,Mytilus,Day,After,Removal,After_Removal,1,8062019,8:44,0.6,10.76,123.4,53.7,35.3,11,13.352,20190804,-48.9,7.775769188,
D1_Ocean_2_AI,Ocean,Ocean,Day,After,Ocean,After_Ocean,2,8052019,8:53,1.5,9.54,107.5,52.7,34.7,10.7,12.525,20190804,-46.7,7.742866237,gusty wind
D_1_2_AI,1,Phyllospadix,Day,After,Control,After_Control,2,8052019,8:59,2,9.4,106,53.3,35,11,13.762,20190804,-43,7.669209343,
D_2_2_AI,2,Phyllospadix,Day,After,Removal,After_Removal,2,8052019,9:01,2,12.72,145.3,53,34.8,11.7,13.773,20190804,-60.9,7.983545047,
D_3_2_AI,3,Phyllospadix,Day,After,Removal,After_Removal,2,8052019,9:03,2,14.46,165.2,53,34.8,11.5,13.844,20190804,-61.2,7.988255161,
D_4_2_AI,4,Phyllospadix,Day,After,Control,After_Control,2,8052019,9:05,1.9,10.85,126.2,53.3,35.1,11.8,13.902,20190804,-46.6,7.731467347,
D_5_2_AI,5,Phyllospadix,Day,After,Control,After_Control,2,8052019,9:07,1.9,14.89,174.4,53,34.9,12.6,14.247,20190804,-59.9,7.962286237,
D_6_2_AI,6,Phyllospadix,Day,After,Removal,After_Removal,2,8052019,9:09,1.9,13.94,166.4,52.7,34.7,13.1,14.658,20190804,-66.3,8.071156768,
D_7_2_AI,7,Phyllospadix,Day,After,Removal,After_Removal,2,8052019,9:14,1.9,11.54,133.3,53.1,34.8,11.7,14.396,20190804,-54.1,7.859471009,slightly over line/ extra 40 ml
D_8_2_AI,8,Phyllospadix,Day,After,Control,After_Control,2,8052019,9:15,1.7,10.34,121.9,53.2,35,12.2,14.538,20190804,-42.8,7.660461555,
D_9_2_AI,9,Mytilus,Day,After,Control,After_Control,2,8052019,9:20,1.7,8.95,103.1,53.1,34.9,11.4,13.952,20190804,-32.7,7.487119596,extra 40ml
D_10_2_AI,10,Mytilus,Day,After,Removal,After_Removal,2,8052019,9:24,1.7,10.93,126.4,53,34.8,11.4,14.425,20190804,-43.7,7.676995671,
D_11_2_AI,11,Mytilus,Day,After,Removal,After_Removal,2,8052019,9:25,1.4,13.07,149.7,53,34.8,11.5,14.356,20190804,-52.3,7.828215688,
D_12_2_AI,12,Mytilus,Day,After,Control,After_Control,2,8052019,9:31,1.4,11.08,130.8,52.8,34.7,12.3,14.569,20190804,-44.1,7.68302373,
D_13_2_AI,13,Mytilus,Day,After,Control,After_Control,2,8052019,9:34,1.4,9.81,115.5,52.9,34.8,12.4,14.535,20190804,-37.8,7.57289034,
D_14_2_AI,14,Mytilus,Day,After,Control,After_Control,2,8052019,9:36,1.6,6.55,77.9,53,34.8,12.3,14.552,20190804,-28.2,7.404615338,
D_15_2_AI,15,Mytilus,Day,After,Removal,After_Removal,2,8052019,9:40,1.6,20.62,238.5,53.3,35.1,12.1,14.653,20190804,-78,8.27607752,
D_16_2_AI,16,Mytilus,Day,After,Removal,After_Removal,2,8052019,9:42,1.6,8.82,103.4,52.7,34.7,12.3,14.856,20190804,-47,7.731814113,
D2_Ocean_2_AI,Ocean,Ocean,Day,After,Ocean,After_Ocean,2,8062019,9:25,2.7,9.61,109.1,53.4,35.1,11,14.607,20190804,-46.2,7.719543864,
D_17_2_AI,17,Mytilus,Day,After,Removal,After_Removal,2,8062019,10:03,1,14.66,173.4,53.3,35.1,13,16.993,20190804,-61.3,7.96530201,
D_18_2_AI,18,Phyllospadix,Day,After,Control,After_Control,2,8062019,10:15,0.6,7.67,91.8,53.4,35.2,13.1,15.74,20190804,-40.1,7.605269986,
D_19_2_AI,19,Mytilus,Day,After,Control,After_Control,2,8062019,10:02,1,10.32,120.8,53.6,35.3,12.4,15.83,20190804,-41.2,7.623863528,
D_20_2_AI,20,Phyllospadix,Day,After,Control,After_Control,2,8062019,10:09,0.7,9.83,114.1,53.4,35.2,11.8,15.084,20190804,-49.5,7.773933294,
D_21_2_AI,21,Phyllospadix,Day,After,Removal,After_Removal,2,8062019,10:11,0.7,18.46,227.2,53.1,35,15.1,16.682,20190804,-89.8,8.463305988,
D_22_2_AI,22,Phyllospadix,Day,After,Removal,After_Removal,2,8062019,10:06,0.7,16.4,200,53.2,35.1,14.5,16.46,20190804,-71.6,8.148708877,
D_23_2_AI,23,Mytilus,Day,After,Removal,After_Removal,2,8062019,9:53,0.4,10.48,124.5,53.3,35.2,13.1,15.848,20190804,-50.6,7.787668043,
D_24_2_AI,24,Mytilus,Day,After,Removal,After_Removal,2,8062019,9:51,0.4,12.24,143.4,53.5,35.2,12.4,15.351,20190804,-54.9,7.866359488,
D_25_2_AI,25,Mytilus,Day,After,Control,After_Control,2,8062019,9:49,0.4,5.21,61.1,53.8,35.4,11.8,14.742,20190804,-32.4,7.477027923,
D_26_2_AI,26,Phyllospadix,Day,After,Removal,After_Removal,2,8062019,9:34,2.7,15.16,177.2,53.9,35.5,12.3,15.325,20190804,-66,8.060473904,
D_27_2_AI,27,Phyllospadix,Day,After,Control,After_Control,2,8062019,9:32,2.7,12.96,150,53.5,35.2,11.8,14.81,20190804,-41.6,7.637627233,
D_28_2_AI,28,Phyllospadix,Day,After,Removal,After_Removal,2,8062019,9:30,2.7,17.16,201,53.6,35.3,12.5,14.685,20190804,-78,8.275793408,
D_29_2_AI,29,Phyllospadix,Day,After,Control,After_Control,2,8062019,9:29,2.7,14.93,175.1,53.8,35.3,12.5,14.954,20190804,-68.6,8.10897392,
D_30_2_AI,30,Mytilus,Day,After,Control,After_Control,2,8062019,9:44,2.1,7.51,88.1,53.6,35.3,12.2,14.397,20190804,-38.1,7.579036476,
D_31_2_AI,31,Mytilus,Day,After,Control,After_Control,2,8062019,9:42,2.1,10.91,129.5,53.5,35.2,12.7,14.866,20190804,-28.1,7.401029114,
D_32_2_AI,32,Mytilus,Day,After,Removal,After_Removal,2,8062019,9:40,2.1,12.24,141.4,53.8,35.4,11.7,14.353,20190804,-58.5,7.936919785,
D1_Ocean_3_AI,Ocean,Ocean,Day,After,Ocean,After_Ocean,3,8052019,9:55,1.1,10.08,113.7,52.9,34.7,10.9,13.924,20190804,-49.3,7.778713781,
D_1_3_AI,1,Phyllospadix,Day,After,Control,After_Control,3,8052019,10:03,1.1,8.52,97.4,53,34.8,11.5,14.897,20190804,-40.6,7.619551434,
D_2_3_AI,2,Phyllospadix,Day,After,Removal,After_Removal,3,8052019,10:05,0.8,19.22,221.8,52.9,34.8,12.3,15.063,20190804,-69.5,8.123807045,
D_3_3_AI,3,Phyllospadix,Day,After,Removal,After_Removal,3,8052019,10:08,0.8,18.33,214,53.1,34.9,12.4,14.846,20190804,-71.2,8.155368735,
D_4_3_AI,4,Phyllospadix,Day,After,Control,After_Control,3,8052019,10:09,0.8,12.09,143.1,53.1,35,12.6,15.032,20190804,-52.1,7.81977344,
D_5_3_AI,5,Phyllospadix,Day,After,Control,After_Control,3,8052019,10:11,0.8,12.91,154.3,53,34.9,13.5,15.174,20190804,-62.5,8.000524025,
D_6_3_AI,6,Phyllospadix,Day,After,Removal,After_Removal,3,8052019,10:12,0.8,20.32,247.4,52.7,34.7,14.4,15.591,20190804,-92.5,8.520848342,
D_7_3_AI,7,Phyllospadix,Day,After,Removal,After_Removal,3,8052019,10:19,0.8,12.61,148,53.2,35,12.5,15.281,20190804,-60.3,7.961235775,
D_8_3_AI,8,Phyllospadix,Day,After,Control,After_Control,3,8052019,10:21,0.8,10.91,130,52.4,34.4,13.2,15.11,20190804,-41.6,7.63562933,
D_9_3_AI,9,Mytilus,Day,After,Control,After_Control,3,8052019,10:25,0.5,9.66,111.8,53.3,35.1,12.2,14.68,20190804,-31.7,7.465149738,
D_10_3_AI,10,Mytilus,Day,After,Removal,After_Removal,3,8052019,10:27,0.5,15.7,184.3,52.6,34.6,12.2,15.08,20190804,-51.4,7.80718365,
D_11_3_AI,11,Mytilus,Day,After,Removal,After_Removal,3,8052019,10:29,0.5,16.04,187.7,52.9,34.8,12.4,15.128,20190804,-60.8,7.97116871,
D_12_3_AI,12,Mytilus,Day,After,Control,After_Control,3,8052019,10:31,0.5,13.06,156.6,52.6,34.7,13.5,15.433,20190804,-50.9,7.79589278,
D_13_3_AI,13,Mytilus,Day,After,Control,After_Control,3,8052019,10:34,0.5,10.74,127.8,52.8,34.8,13.6,15.435,20190804,-44.7,7.6876037,
D_14_3_AI,14,Mytilus,Day,After,Control,After_Control,3,8052019,10:38,0.6,6.41,76.1,53.5,35.2,12.9,15.138,20190804,-28.8,7.411677879,
D_15_3_AI,15,Mytilus,Day,After,Removal,After_Removal,3,8052019,10:40,0.6,31.51,378.1,52.9,34.9,13.6,15.609,20190804,-93.4,8.536381063,
D_16_3_AI,16,Mytilus,Day,After,Removal,After_Removal,3,8052019,10:42,0.6,9.38,112,52.8,34.8,13.5,15.842,20190804,-49.1,7.761552601,
D2_Ocean_3_AI,Ocean,Ocean,Day,After,Ocean,After_Ocean,3,8062019,10:27,0.4,10.75,123.3,53.4,35.1,11.4,14.632,20190804,-55.5,7.882235396,
D_17_3_AI,17,Mytilus,Day,After,Removal,After_Removal,3,8062019,11:00,0.4,18.55,225.6,53.2,35.1,14.3,16.291,20190804,-71.1,8.141430141,
D_18_3_AI,18,Phyllospadix,Day,After,Control,After_Control,3,8062019,11:08,0.6,8.07,97.3,53.9,35.6,13.8,15.555,20190804,-43.3,7.662343978,
D_19_3_AI,19,Mytilus,Day,After,Control,After_Control,3,8062019,10:58,0.4,10.83,128.9,54.1,35.7,12.9,15.497,20190804,-41.5,7.631307924,
D_20_3_AI,20,Phyllospadix,Day,After,Control,After_Control,3,8062019,11:03,0.4,13.25,156.1,53.8,35.5,12.9,15.221,20190804,-52.4,7.823637851,
D_21_3_AI,21,Phyllospadix,Day,After,Removal,After_Removal,3,8062019,11:02,0.4,21.6,274.3,52.9,34.9,16.7,17.451,20190804,-97.8,8.594725862,
D_22_3_AI,22,Phyllospadix,Day,After,Removal,After_Removal,3,8062019,11:05,0.6,20,252.4,53.3,35.2,16.4,17.285,20190804,-83.8,8.353450095,
D_23_3_AI,23,Mytilus,Day,After,Removal,After_Removal,3,8062019,10:50,0.1,13.39,165.1,53.7,35.5,14.7,16.406,20190804,-57.8,7.908974612,
D_24_3_AI,24,Mytilus,Day,After,Removal,After_Removal,3,8062019,10:49,0.1,15.12,180.3,53.3,35.1,13.5,15.818,20190804,-64.7,8.033794916,
D_25_3_AI,25,Mytilus,Day,After,Control,After_Control,3,8062019,10:47,0.1,5.5,64.8,53.9,35.5,12.3,15.058,20190804,-31.4,7.457613273,
D_26_3_AI,26,Phyllospadix,Day,After,Removal,After_Removal,3,8062019,10:36,0,23.18,280.4,52.9,34.9,14.2,16.309,20190804,-78.3,8.266637277,
D_27_3_AI,27,Phyllospadix,Day,After,Control,After_Control,3,8062019,10:34,0.4,10.09,118.3,54.3,35.8,11.9,15.324,20190804,-39,7.588781977,
D_28_3_AI,28,Phyllospadix,Day,After,Removal,After_Removal,3,8062019,10:32,0.4,24.2,293.9,53.6,35.4,13.6,15.84,20190804,-90.4,8.481804883,
D_29_3_AI,29,Phyllospadix,Day,After,Control,After_Control,3,8062019,10:30,0.4,15.09,181.2,54.7,36.2,13.3,15.981,20190804,-68.7,8.102207004,
D_30_3_AI,30,Mytilus,Day,After,Control,After_Control,3,8062019,10:45,0.1,9.77,117.1,53.6,35.4,13.3,15.359,20190804,-38.1,7.572833159,
D_31_3_AI,31,Mytilus,Day,After,Control,After_Control,3,8062019,10:43,0,12.92,156.8,53.1,35,14.1,15.505,20190804,-32.6,7.475865936,
D_32_3_AI,32,Mytilus,Day,After,Removal,After_Removal,3,8062019,10:41,0,19.98,232,53.6,35.3,12.2,14.886,20190804,-71.4,8.158529748,
D1_Ocean_4_AI,Ocean,Ocean,Day,After,Ocean,After_Ocean,4,8052019,10:56,0.6,11.07,125.9,52.9,34.7,11.3,14.892,20190804,-58.3,7.929273799,
D_1_4_AI,1,Phyllospadix,Day,After,Control,After_Control,4,8052019,11:01,0.6,12.15,142.2,53.6,35.3,12.4,14.903,20190804,-41.5,7.635258151,
D_2_4_AI,2,Phyllospadix,Day,After,Removal,After_Removal,4,8052019,11:03,0.6,20.62,246.3,53,34.9,13.5,15.491,20190804,-83.1,8.357694812,
D_3_4_AI,3,Phyllospadix,Day,After,Removal,After_Removal,4,8052019,11:05,0.4,21.25,254.4,52.8,34.8,13.6,15.258,20190804,-80.9,8.321386936,
D_4_4_AI,4,Phyllospadix,Day,After,Control,After_Control,4,8052019,11:06,0.4,13.92,166.5,53.2,34.9,14.3,15.234,20190804,-59,7.93888326,
D_5_4_AI,5,Phyllospadix,Day,After,Control,After_Control,4,8052019,11:08,0.4,20.85,254.1,53.2,35.9,14,15.578,20190804,-70.3,8.133473729,
D_6_4_AI,6,Phyllospadix,Day,After,Removal,After_Removal,4,8052019,11:10,0.4,24.25,308.2,52.8,34.9,16.2,16.339,20190804,-96.2,8.577995009,
D_7_4_AI,7,Phyllospadix,Day,After,Removal,After_Removal,4,8052019,11:17,0.9,14.73,176,53.1,35,13.6,15.694,20190804,-68.4,8.099349908,
D_8_4_AI,8,Phyllospadix,Day,After,Control,After_Control,4,8052019,11:19,0.9,9.32,114.8,52.8,34.8,14.2,15.832,20190804,-49.2,7.763367572,
D_9_4_AI,9,Mytilus,Day,After,Control,After_Control,4,8052019,11:24,0.9,11.35,135.1,53.5,35.2,12.9,15.241,20190804,-31.5,7.458255772,
D_10_4_AI,10,Mytilus,Day,After,Removal,After_Removal,4,8052019,11:26,0.1,16.82,200.3,52.9,34.8,13.4,15.555,20190804,-63.9,8.021945696,
D_11_4_AI,11,Mytilus,Day,After,Removal,After_Removal,4,8052019,11:28,0.1,18.14,216,52.9,34.8,13.4,16.45,20190804,-69.1,8.105287198,under line by 10ml
D_12_4_AI,12,Mytilus,Day,After,Control,After_Control,4,8052019,11:35,0.2,14.64,179.7,52.7,34.7,14.9,16.568,20190804,-59.1,7.930355152,
D_13_4_AI,13,Mytilus,Day,After,Control,After_Control,4,8052019,11:37,0.2,12.16,151,52.7,34.7,15.1,16.397,20190804,-48.7,7.750651906,
D_14_4_AI,14,Mytilus,Day,After,Control,After_Control,4,8052019,11:38,0.2,6.97,84.9,53,34.9,13.8,16.264,20190804,-29.8,7.422474504,
D_15_4_AI,15,Mytilus,Day,After,Removal,After_Removal,4,8052019,11:40,0.2,31.02,383.6,52.8,34.8,15.2,16.687,20190804,-106.7,8.757119182,
D_16_4_AI,16,Mytilus,Day,After,Removal,After_Removal,4,8052019,11:43,0.2,9.95,122.7,52.7,34.7,14.9,16.948,20190804,-51.3,7.791927983,
D2_Ocean_4_AI,Ocean,Ocean,Day,After,Ocean,After_Ocean,4,8062019,11:31,0.4,11.55,132.9,53.4,35.1,11.7,15.454,20190804,-59.5,7.945918778,
D_17_4_AI,17,Mytilus,Day,After,Removal,After_Removal,4,8062019,12:04,1.3,21.26,263.1,53.1,35.1,15.5,17.901,20190804,-79.2,8.268163696,
D_18_4_AI,18,Phyllospadix,Day,After,Control,After_Control,4,8062019,12:13,0.8,9.4,110.9,54.1,35.8,15,17.408,20190804,-48.4,7.73830891,
D_19_4_AI,19,Mytilus,Day,After,Control,After_Control,4,8062019,12:03,1.3,11.76,143.2,53.6,35.4,14,17.272,20190804,-47.5,7.723648291,
D_20_4_AI,20,Phyllospadix,Day,After,Control,After_Control,4,8062019,12:08,0.8,11.25,133,54.3,35.9,12.8,16.694,20190804,-56.9,7.891133149,
D_21_4_AI,21,Phyllospadix,Day,After,Removal,After_Removal,4,8062019,12:06,0.8,23.16,302.4,52.9,34.9,18.5,18.566,20190804,-106.5,8.733913756,
D_22_4_AI,22,Phyllospadix,Day,After,Removal,After_Removal,4,8062019,12:10,0.8,22.26,293.5,53.2,35.1,18.7,18.891,20190804,-95.4,8.538960777,
D_23_4_AI,23,Mytilus,Day,After,Removal,After_Removal,4,8062019,11:56,1.3,15.3,194,53.3,35.2,16.5,17.912,20190804,-65.9,8.037776235,
D_24_4_AI,24,Mytilus,Day,After,Removal,After_Removal,4,8062019,11:55,1.3,17.76,217.5,53.3,35.2,14.7,16.976,20190804,-74.7,8.198204858,
D_25_4_AI,25,Mytilus,Day,After,Control,After_Control,4,8062019,11:53,0.4,5,60,54,35.6,13.1,16.232,20190804,-30.1,7.427889027,
D_26_4_AI,26,Phyllospadix,Day,After,Removal,After_Removal,4,8062019,11:38,0.3,29.86,372.8,53.4,35.3,15.8,16.73,20190804,-92.6,8.511528352,
D_27_4_AI,27,Phyllospadix,Day,After,Control,After_Control,4,8062019,11:37,0.3,12.02,143,54.7,36.1,12.4,15.543,20190804,-42.9,7.655442182,
D_28_4_AI,28,Phyllospadix,Day,After,Removal,After_Removal,4,8062019,11:35,0.3,26.73,327.2,53.5,35.3,14.6,16.356,20190804,-97.9,8.607420042,
D_29_4_AI,29,Phyllospadix,Day,After,Control,After_Control,4,8062019,11:34,0.4,19.14,234,55,36.4,14.4,16.201,20190804,-84.2,8.370356007,
D_30_4_AI,30,Mytilus,Day,After,Control,After_Control,4,8062019,11:50,0.4,11.31,138.1,53.5,35.3,14.5,16.355,20190804,-36.1,7.531606017,
D_31_4_AI,31,Mytilus,Day,After,Control,After_Control,4,8062019,11:48,0.4,12.56,190,53.2,35.1,15.5,16.469,20190804,-31.9,7.45780112,
D_32_4_AI,32,Mytilus,Day,After,Removal,After_Removal,4,8062019,11:47,0.4,22.01,262,53.5,35.3,13,15.803,20190804,-77.6,8.258909765,sun brighter
D1_Ocean_5_AI,Ocean,Ocean,Day,After,Ocean,After_Ocean,5,8052019,11:59,0.5,11.64,132.6,52.8,34.7,11.5,15.162,20190804,-63.2,8.012855242,
D_1_5_AI,1,Phyllospadix,Day,After,Control,After_Control,5,8052019,12:04,0.5,11.81,138.3,52.6,35.3,12.4,15.745,20190804,-48.1,7.744796501,
D_2_5_AI,2,Phyllospadix,Day,After,Removal,After_Removal,5,8052019,12:06,0.1,24.26,295.6,52.7,34.7,14.6,16.1,20190804,-92.3,8.512416529,
D_3_5_AI,3,Phyllospadix,Day,After,Removal,After_Removal,5,8052019,12:08,0.1,24.89,305.2,52.6,34.7,14.8,16.216,20190804,-91.5,8.497358475,
D_4_5_AI,4,Phyllospadix,Day,After,Control,After_Control,5,8052019,12:10,0.1,15.23,185.3,53.1,35,14.4,16.336,20190804,-67.1,8.071414193,
D_5_5_AI,5,Phyllospadix,Day,After,Control,After_Control,5,8052019,12:11,0.1,16.89,209.1,51.7,34,15.6,16.19,20190804,-77.9,8.26072337,
D_6_5_AI,6,Phyllospadix,Day,After,Removal,After_Removal,5,8052019,12:13,0.1,26.67,345.6,52.3,34.5,17.8,17.202,20190804,-109.3,8.796823023,
D_7_5_AI,7,Phyllospadix,Day,After,Removal,After_Removal,5,8052019,12:21,0.2,17.76,217.6,53,34.9,14.9,16.295,20190804,-76.8,8.240643531,
D_8_5_AI,8,Phyllospadix,Day,After,Control,After_Control,5,8052019,12:23,0.2,14.53,179,53.4,35.3,14.9,16.201,20190804,-52.5,7.818223753,
D_9_5_AI,9,Mytilus,Day,After,Control,After_Control,5,8052019,12:30,0.3,13.83,169,52.8,34.8,14.4,15.353,20190804,-32.2,7.469806975,
D_10_5_AI,10,Mytilus,Day,After,Removal,After_Removal,5,8052019,12:32,0.3,17.4,213.4,52.7,34.8,14.8,16.149,20190804,-70,8.12346302,
D_11_5_AI,11,Mytilus,Day,After,Removal,After_Removal,5,8052019,12:34,0.3,194.2,238.5,52.8,34.8,14.6,16.001,20190804,-75.4,8.21881885,used TA water for 2nd reading
D_12_5_AI,12,Mytilus,Day,After,Control,After_Control,5,8052019,12:42,0.1,15.33,194.8,52.5,34.7,16.3,16.522,20190804,-65.7,8.045536522,
D_13_5_AI,13,Mytilus,Day,After,Control,After_Control,5,8052019,12:44,0.1,11.26,142.4,52.8,34.8,16.2,16.509,20190804,-52.6,7.81771606,
D_14_5_AI,14,Mytilus,Day,After,Control,After_Control,5,8052019,12:37:00 PM,0.1,6.79,84.1,53.2,35.1,14.7,16.001,20190804,-30.4,7.434492766,
D_15_5_AI,15,Mytilus,Day,After,Removal,After_Removal,5,8052019,12:47,0,35.4,451.2,52.5,34.6,16.9,16.399,20190804,-122.9,9.042126674,
D_16_5_AI,16,Mytilus,Day,After,Removal,After_Removal,5,8052019,12:52,0,9.95,125.9,52.6,34.7,16.2,16.258,20190804,-56.5,7.887463657,
D2_Ocean_5_AI,Ocean,Ocean,Day,After,Ocean,After_Ocean,5,8062019,12:31,1.2,117,136.4,53.5,35.2,12.1,16.386,20190804,-67.4,8.076227324,
D_17_5_AI,17,Mytilus,Day,After,Removal,After_Removal,5,8062019,13:10,0.5,20.7,265.1,53.2,35.1,17,17.291,20190804,-84.6,8.367276814,
D_18_5_AI,18,Phyllospadix,Day,After,Control,After_Control,5,8062019,13:17,0.5,8.99,113.7,53.5,35.4,16,16.969,20190804,-49,7.75182241,
D_19_5_AI,19,Mytilus,Day,After,Control,After_Control,5,8062019,13:08,0.5,11.88,146.4,53.8,35.6,14.8,16.418,20190804,-53.1,7.827082698,
D_20_5_AI,20,Phyllospadix,Day,After,Control,After_Control,5,8062019,13:15,0.5,13.48,163.5,53.9,35.6,13.3,15.586,20190804,-67.1,8.077552177,
D_21_5_AI,21,Phyllospadix,Day,After,Removal,After_Removal,5,8062019,13:01,0.6,23.61,318.7,53.3,35.3,19.8,18.907,20190804,-111.7,8.820077457,
D_22_5_AI,22,Phyllospadix,Day,After,Removal,After_Removal,5,8062019,13:03,0.6,22.86,313.3,53.2,35.2,20.7,17.163,20190804,-105.6,8.733008691,
D_23_5_AI,23,Mytilus,Day,After,Removal,After_Removal,5,8062019,12:55,0.6,17.51,230.1,53.4,35.3,18.3,18.265,20190804,-76.7,8.221703054,
D_24_5_AI,24,Mytilus,Day,After,Removal,After_Removal,5,8062019,12:53,1.3,19.51,244.2,53.3,35.2,15.8,17.06,20190804,-81.2,8.310359204,
D_25_5_AI,25,Mytilus,Day,After,Control,After_Control,5,8062019,12:52,1.3,4.46,54,54.2,35.8,13.7,15.942,20190804,-28.8,7.406952215,
D_26_5_AI,26,Phyllospadix,Day,After,Removal,After_Removal,5,8062019,12:39,1.2,33.09,422.7,53.5,35.3,16.9,17.195,20190804,-104.2,8.708373048,
D_27_5_AI,27,Phyllospadix,Day,After,Control,After_Control,5,8062019,12:38,1.2,12.61,151.6,53.3,35.1,13.7,15.666,20190804,-44,7.673809121,
D_28_5_AI,28,Phyllospadix,Day,After,Removal,After_Removal,5,8062019,12:36,1.2,27.11,343.1,53.5,35.3,16.1,17.09,20190804,-108.6,8.785864652,
D_29_5_AI,29,Phyllospadix,Day,After,Control,After_Control,5,8062019,12:34,1.2,21.6,275.4,54,35.7,16.6,17.022,20190804,-89.3,8.451383338,
D_30_5_AI,30,Mytilus,Day,After,Control,After_Control,5,8062019,12:47,1.3,9.66,120,53.9,35.6,15.2,16.668,20190804,-34.2,7.496591245,
D_31_5_AI,31,Mytilus,Day,After,Control,After_Control,5,8062019,12:45,1.3,15.16,192.7,53.5,35.3,16.7,16.436,20190804,-33.9,7.492807607,
D_32_5_AI,32,Mytilus,Day,After,Removal,After_Removal,5,8062019,12:43,1.2,21.73,263.4,53.4,35.2,14.2,15.969,20190804,-87.9,8.4369892,
N2_Ocean_1_AI,Ocean,Ocean,Night,After,Ocean,After_Ocean,1,8082019,23:46,1,7.86,89.6,53.1,34.9,11.4,13.548,20190808,-51.9,7.835588538,
N_1_1_AI,1,Phyllospadix,Night,After,Control,After_Control,1,8082019,23:54,1,6.28,72.9,53.8,35.4,11.8,13.171,20190808,-55.7,7.904520072,
N_2_1_AI,2,Phyllospadix,Night,After,Removal,After_Removal,1,8082019,23:59,0.5,6.66,77.1,53.8,35.4,11.5,12.508,20190808,-56,7.913568122,Dumped 500ml and pumped 500ml
N_3_1_AI,3,Phyllospadix,Night,After,Removal,After_Removal,1,8092019,0:04,0.5,6.81,79,53.7,35.4,11.5,12.361,20190808,-56.7,7.926760457,
N_4_1_AI,4,Phyllospadix,Night,After,Control,After_Control,1,8092019,0:06,0.6,5.7,66.6,53.8,35.4,11.5,12.118,20190808,-51.3,7.832753653,8 ml from TA for fdom sterivex was 40 ml short
N_5_1_AI,5,Phyllospadix,Night,After,Control,After_Control,1,8092019,0:08,0.6,3.54,41,53.8,35.4,11.4,12.136,20190808,-40.3,7.638334826,
N_6_1_AI,6,Phyllospadix,Night,After,Removal,After_Removal,1,8092019,0:10,0.6,4.19,48.8,53.9,35.5,11.6,12.346,20190808,-41.6,7.660292104,
N_7_1_AI,7,Phyllospadix,Night,After,Removal,After_Removal,1,8092019,0:18,0.8,6.48,75,53.9,35.5,11.6,12.227,20190808,-53.4,7.869250861,
N_8_1_AI,8,Phyllospadix,Night,After,Control,After_Control,1,8092019,0:21,0.8,4.02,46.4,53.9,35.5,11.2,12.191,20190808,-44.1,7.705191554,
N_9_1_AI,9,Mytilus,Night,After,Control,After_Control,1,8092019,0:27,0.8,2.17,28.2,53.9,35.4,11.2,11.984,20190808,-23.6,7.343879654,under 550 ml
N_10_1_AI,10,Mytilus,Night,After,Removal,After_Removal,1,8092019,0:28,0.8,2.95,34.1,53.9,35.4,11.2,11.934,20190808,-29.2,7.443061439,
N_11_1_AI,11,Mytilus,Night,After,Removal,After_Removal,1,8092019,0:30,0.8,4.43,50.7,53.9,35.4,11.2,12.075,20190808,-41.4,7.658059105,
N_12_1_AI,12,Mytilus,Night,After,Control,After_Control,1,8092019,0:37,0.8,2.16,25.1,53.9,35.5,11.1,11.728,20190808,-22.7,7.328901672,
N_13_1_AI,13,Mytilus,Night,After,Control,After_Control,1,8092019,0:39,0.8,1.03,11.8,53.9,35.4,11,11.73,20190808,-18.5,7.254593151,
N_14_1_AI,14,Mytilus,Night,After,Control,After_Control,1,8092019,0:41,0.8,0.85,9.9,53.8,35.4,11.2,11.94,20190808,-19.5,7.271563111,
N_15_1_AI,15,Mytilus,Night,After,Removal,After_Removal,1,8092019,0:45,0.9,4.66,53.4,53.9,35.5,11,12.158,20190808,-36.6,7.5728733,
N_16_1_AI,16,Mytilus,Night,After,Removal,After_Removal,1,8092019,0:34,0.8,5.13,59.1,53.9,35.4,11.1,12.068,20190808,-43.5,7.695199233,
N1_Ocean_1_AI,Ocean,Ocean,Night,After,Ocean,After_Ocean,1,8072019,22:45,2.6,8.6,98.4,54.1,35.6,11.2,13.693,20190808,-47,7.748710829,
N_17_1_AI,17,Mytilus,Night,After,Removal,After_Removal,1,8072019,23:47,2.6,4.5,50,54.1,35.6,11.2,13.792,20190808,-35.4,7.544465592,
N_18_1_AI,18,Phyllospadix,Night,After,Control,After_Control,1,8072019,23:59,2.8,4.5,50,54.1,35.6,11.7,13.246,20190808,-33.8,7.518718432,
N_19_1_AI,19,Mytilus,Night,After,Control,After_Control,1,8072019,23:45,2.6,3.8,44.7,54.1,35.6,12,13.065,20190808,-35.9,7.55647652,
N_20_1_AI,20,Phyllospadix,Night,After,Control,After_Control,1,8072019,23:52,2.6,4.4,51,54.2,35.7,11.6,13.223,20190808,-35.3,7.545215455,balloon missing
N_21_1_AI,21,Phyllospadix,Night,After,Removal,After_Removal,1,8072019,23:50,2.6,4.81,55.8,54.2,35.7,11.4,13.551,20190808,-33,7.503340287,
N_22_1_AI,22,Phyllospadix,Night,After,Removal,After_Removal,1,8072019,23:56,2.8,3.52,40.9,54.1,35.7,11.9,13.406,20190808,-39.2,7.612999806,
N_23_1_AI,23,Mytilus,Night,After,Removal,After_Removal,1,8072019,23:38,2.2,4.39,51.2,54.1,35.7,11.9,13.16,20190808,-41.1,7.64758703,
N_24_1_AI,24,Mytilus,Night,After,Removal,After_Removal,1,8072019,23:37,2.2,6,69.1,54.1,35.7,11.5,13.136,20190808,-45.1,7.7181169,
N_25_1_AI,25,Mytilus,Night,After,Control,After_Control,1,8072019,23:32,1.9,4.23,49.1,54.3,35.7,11.4,12.84,20190808,-30.9,7.469365729,
N_26_1_AI,26,Phyllospadix,Night,After,Removal,After_Removal,1,8072019,23:02,2.9,5.77,66.5,54.1,35.6,11.3,12.844,20190808,-43.1,7.684335964,
N_27_1_AI,27,Phyllospadix,Night,After,Control,After_Control,1,8072019,23:00,2.9,4.96,57.1,54.1,35.6,11.3,12.789,20190808,-36.6,7.570040625,
N_28_1_AI,28,Phyllospadix,Night,After,Removal,After_Removal,1,8072019,22:55,2.9,5.22,60.5,54,35.6,11.4,13.553,20190808,-40.4,7.6334111,
N_29_1_AI,29,Phyllospadix,Night,After,Control,After_Control,1,8072019,22:52,2.6,4.41,50.9,54.2,35.7,11.5,13.951,20190808,-38.7,7.60169236,
N_30_1_AI,30,Mytilus,Night,After,Control,After_Control,1,8072019,23:25,1.9,20.8,24.1,54.1,35.6,11.3,13.23,20190808,-22.7,7.323448364,
N_31_1_AI,31,Mytilus,Night,After,Control,After_Control,1,8072019,23:23,1.6,1.72,20.1,54.1,35.6,11.4,13.085,20190808,-22.3,7.316932052,
N_32_1_AI,32,Mytilus,Night,After,Removal,After_Removal,1,8072019,23:20,1.6,6.45,74.3,54.3,35.7,11.3,13.072,20190808,-42,7.663853181,
N2_Ocean_2_AI,Ocean,Ocean,Night,After,Ocean,After_Ocean,2,8092019,1:03,0.9,8.88,102,53.8,35.4,11.5,12.335,20190808,-53.3,7.866888336,misty but clear
N_1_2_AI,1,Phyllospadix,Night,After,Control,After_Control,2,8092019,1:10,0.8,4.52,52.6,53.9,35.4,11.4,12.101,20190808,-46.2,7.742739874,20ml overfilled
N_2_2_AI,2,Phyllospadix,Night,After,Removal,After_Removal,2,8092019,1:12,0.8,5.22,60,53.9,35.5,11.2,12.035,20190808,-46.5,7.748377143,18ml overfilled
N_3_2_AI,3,Phyllospadix,Night,After,Removal,After_Removal,2,8092019,1:13,0.8,4.92,56.6,53.9,35.4,11.3,12.013,20190808,-48.3,7.780301262,
N_4_2_AI,4,Phyllospadix,Night,After,Control,After_Control,2,8092019,1:15,0.4,2.64,30.3,53.9,35.5,11.3,12.057,20190808,-38.1,7.599832684,15 ml overfilled
N_5_2_AI,5,Phyllospadix,Night,After,Control,After_Control,2,8092019,1:18,0.4,2.09,24.4,53.9,35.5,10.9,12.007,20190808,-29.1,7.440999615,over 400ml
N_6_2_AI,6,Phyllospadix,Night,After,Removal,After_Removal,2,8092019,1:16,0.4,2.26,26.1,54.1,35.6,10.9,12.305,20190808,-31.4,7.480406436,40 ml overfilled
N_7_2_AI,7,Phyllospadix,Night,After,Removal,After_Removal,2,8092019,1:24,0.4,4.89,56.8,53.9,35.5,11.3,12.349,20190808,-45.9,7.736183112,
N_8_2_AI,8,Phyllospadix,Night,After,Control,After_Control,2,8092019,1:27,0.4,2.16,26.1,54,35.5,10.9,11.941,20190808,-31.1,7.476620799,
N_9_2_AI,9,Mytilus,Night,After,Control,After_Control,2,8092019,1:32,0.4,1.52,18.6,53.6,35.2,11,11.851,20190808,-22.7,7.328455046,
N_10_2_AI,10,Mytilus,Night,After,Removal,After_Removal,2,8092019,1:34,0.4,1.93,22.1,54.2,35.6,11,11.791,20190808,-25.5,7.378196478,
N_11_2_AI,11,Mytilus,Night,After,Removal,After_Removal,2,8092019,1:36,0.3,3.69,42.1,53.9,35.5,11.1,11.883,20190808,-36.2,7.567036134,
N_12_2_AI,12,Mytilus,Night,After,Control,After_Control,2,8092019,1:38,0.3,1.26,15.2,53.9,35.5,10.9,11.733,20190808,-20,7.281118924,35 ml overfilled
N_13_2_AI,13,Mytilus,Night,After,Control,After_Control,2,8092019,1:41,0.3,1.19,13.9,54,35.5,10.8,11.737,20190808,-18.9,7.261645694,
N_14_2_AI,14,Mytilus,Night,After,Control,After_Control,2,8092019,1:47,0.6,1.27,16,53.9,35.5,10.9,11.711,20190808,-20.9,7.297117883,
N_15_2_AI,15,Mytilus,Night,After,Removal,After_Removal,2,8092019,1:49,0.6,3.76,43.2,54,35.5,10.7,11.593,20190808,-31.9,7.492225353,
N_16_2_AI,16,Mytilus,Night,After,Removal,After_Removal,2,8092019,1:51,0.6,4.5,51.5,53.9,35.5,10.9,11.699,20190808,-35.3,7.551935014,
N1_Ocean_2_AI,Ocean,Ocean,Night,After,Ocean,After_Ocean,2,8082019,0:07,2.9,8.08,92.5,54.1,35.6,11.3,13.64,20190808,-47,7.74898224,
N_17_2_AI,17,Mytilus,Night,After,Removal,After_Removal,2,8082019,0:58,1.8,2.14,25,54,35.6,11.8,13.167,20190808,-28.8,7.431049248,
N_18_2_AI,18,Phyllospadix,Night,After,Control,After_Control,2,8082019,1:06,0.7,2.56,30.6,54,35.6,12.2,13.577,20190808,-27.5,7.406556939,
N_19_2_AI,19,Mytilus,Night,After,Control,After_Control,2,8082019,0:56,1.8,2.39,28.3,54.1,35.6,11.7,13.028,20190808,-28,7.41751767,
N_20_2_AI,20,Phyllospadix,Night,After,Control,After_Control,2,8082019,1:02,1.8,2.85,33.2,54.2,35.7,11.4,13.223,20190808,-31.6,7.480100837,
N_21_2_AI,21,Phyllospadix,Night,After,Removal,After_Removal,2,8082019,1:00,1.8,2.69,32,54,35.6,12.1,13.353,20190808,-28.8,7.430304132,
N_22_2_AI,22,Phyllospadix,Night,After,Removal,After_Removal,2,8082019,1:04,1.8,3.45,40.8,54,35.6,12.2,13.503,20190808,-35,7.538707645,
N_23_2_AI,23,Mytilus,Night,After,Removal,After_Removal,2,8082019,0:46,2.4,4.53,52.6,54.1,35.6,11.7,13.173,20190808,-36.4,7.564797513,
N_24_2_AI,24,Mytilus,Night,After,Removal,After_Removal,2,8082019,0:45,2.4,5.52,64.1,54.1,35.7,11.8,12.967,20190808,-41.8,7.660836271,
N_25_2_AI,25,Mytilus,Night,After,Control,After_Control,2,8082019,0:42,2.8,2.35,27,54.2,35.7,11.6,12.772,20190808,-24.1,7.349788104,
N_26_2_AI,26,Phyllospadix,Night,After,Removal,After_Removal,2,8082019,0:20,3.4,3.14,36.1,54.1,35.6,11.5,13.08,20190808,-35.2,7.54408474,
N_27_2_AI,27,Phyllospadix,Night,After,Control,After_Control,2,8082019,0:18,3.4,2.01,24,54.1,35.7,11.4,12.975,20190808,-26.1,7.384261173,
N_28_2_AI,28,Phyllospadix,Night,After,Removal,After_Removal,2,8082019,0:16,0.1,2.75,32,54.1,35.6,11.5,13.084,20190808,-32.5,7.496527993,
N_29_2_AI,29,Phyllospadix,Night,After,Control,After_Control,2,8082019,0:14,2.9,2.96,35,54.4,35.9,11.7,13.532,20190808,-25.8,7.376848339,
N_30_2_AI,30,Mytilus,Night,After,Control,After_Control,2,8082019,0:35,2.8,1.43,16.9,54.1,35.6,11.4,13.087,20190808,-25,7.364463489,
N_31_2_AI,31,Mytilus,Night,After,Control,After_Control,2,8082019,0:33,3.2,1.3,15.5,54.1,35.6,11.4,12.621,20190808,-24.1,7.35034935,
N_32_2_AI,32,Mytilus,Night,After,Removal,After_Removal,2,8082019,0:31,3.2,3.6,41.5,54.2,35.7,11.4,12.787,20190808,-37.9,7.592962594,
N2_Ocean_3_AI,Ocean,Ocean,Night,After,Ocean,After_Ocean,3,8092019,2:05,0.3,8.31,95.3,53.8,35.4,11.5,11.998,20190808,-53.1,7.865215439,
N_1_3_AI,1,Phyllospadix,Night,After,Control,After_Control,3,8092019,2:13,0.3,3.06,36.6,53.9,35.4,11.2,11.989,20190808,-38.3,7.603679413,
N_2_3_AI,2,Phyllospadix,Night,After,Removal,After_Removal,3,8092019,2:15,0.7,3.6,41.2,53.8,35.4,11.1,11.762,20190808,-39.8,7.631256504,
N_3_3_AI,3,Phyllospadix,Night,After,Removal,After_Removal,3,8092019,2:17,0.7,4.26,49.1,53.9,35.4,11.1,11.648,20190808,-43.5,7.697266263,
N_4_3_AI,4,Phyllospadix,Night,After,Control,After_Control,3,8092019,2:19,0.7,1.8,21.9,53.9,35.5,11.1,11.71,20190808,-32.2,7.497041206,
N_5_3_AI,5,Phyllospadix,Night,After,Control,After_Control,3,8092019,2:20,0.7,1.12,13.4,54.1,35.6,10.6,11.56,20190808,-26,7.387926167,20ml overfilled
N_6_3_AI,6,Phyllospadix,Night,After,Removal,After_Removal,3,8092019,2:22,0.7,1.33,15,54,35.5,10.5,11.475,20190808,-29,7.441372184,
N_7_3_AI,7,Phyllospadix,Night,After,Removal,After_Removal,3,8092019,2:30,0.4,4.04,46.2,53.4,35.5,11,11.66,20190808,-40.9,7.651199856,
N_8_3_AI,8,Phyllospadix,Night,After,Control,After_Control,3,8092019,2:32,0.4,1.37,17.1,54,35.5,10.6,11.223,20190808,-28.1,7.426436264,
N_9_3_AI,9,Mytilus,Night,After,Control,After_Control,3,8092019,2:36,0.3,0.93,11,54,35.5,10.9,11.441,20190808,-21.3,7.30515169,10 ml overfilled
N_10_3_AI,10,Mytilus,Night,After,Removal,After_Removal,3,8092019,2:38,0.3,2,23.3,53.8,35.4,10.8,11.479,20190808,-23.2,7.338659105,
N_11_3_AI,11,Mytilus,Night,After,Removal,After_Removal,3,8092019,2:40,0.3,3.11,36.2,53.9,35.5,10.9,11.605,20190808,-31.6,7.48686535,took water from TA and pH for nutrients
N_12_3_AI,12,Mytilus,Night,After,Control,After_Control,3,8092019,2:42,0.3,1.4,16.1,54,35.5,10.8,11.785,20190808,-19.8,7.277401348,
N_13_3_AI,13,Mytilus,Night,After,Control,After_Control,3,8092019,2:44,0.1,1.56,19.8,54,35.5,10.6,11.557,20190808,-19.7,7.276418066,
N_14_3_AI,14,Mytilus,Night,After,Control,After_Control,3,8092019,2:50,0.1,0.92,11,54,35.5,10.8,11.774,20190808,-21.9,7.314584203,
N_15_3_AI,15,Mytilus,Night,After,Removal,After_Removal,3,8092019,2:52,0.1,2.64,30,54,35.5,10.6,11.479,20190808,-27.6,7.416567162,
N_16_3_AI,16,Mytilus,Night,After,Removal,After_Removal,3,8092019,3:04,0.2,3.32,39.2,53.9,35.5,10.8,11.506,20190808,-30.9,7.474886375,
N1_Ocean_3_AI,Ocean,Ocean,Night,After,Ocean,After_Ocean,3,8082019,1:18,0.1,7.98,91.4,54,35.6,11.4,13.492,20190808,-45.5,7.723367209,
N_17_3_AI,17,Mytilus,Night,After,Removal,After_Removal,3,8082019,1:53,0.7,1.64,19.5,54.1,35.6,11.9,13.884,20190808,-25.7,7.373747099,
N_18_3_AI,18,Phyllospadix,Night,After,Control,After_Control,3,8082019,2:02,0.7,2.09,25.6,54.1,35.6,12.2,13.81,20190808,-24.6,7.354710713,
N_19_3_AI,19,Mytilus,Night,After,Control,After_Control,3,8082019,1:51,0.7,1.21,14.5,54.2,35.7,11.7,13.768,20190808,-23.7,7.339059564,
N_20_3_AI,20,Phyllospadix,Night,After,Control,After_Control,3,8082019,1:57,0.7,2.91,34,54.2,35.7,11.5,13.705,20190808,-27.8,7.411325065,
N_21_3_AI,21,Phyllospadix,Night,After,Removal,After_Removal,3,8082019,1:56,0.7,2.39,28.1,54,35.6,12.2,13.868,20190808,-24.4,7.350981467,
N_22_3_AI,22,Phyllospadix,Night,After,Removal,After_Removal,3,8082019,1:50,0.7,2.31,27.4,54,35.6,12.3,13.908,20190808,-31.8,7.48075046,
N_23_3_AI,23,Mytilus,Night,After,Removal,After_Removal,3,8082019,1:45,0.7,3.81,44.5,54.1,35.6,11.9,13.58,20190808,-33.4,7.510247301,
N_24_3_AI,24,Mytilus,Night,After,Removal,After_Removal,3,8082019,1:43,0.2,4.28,50.5,54.1,35.6,11.8,13.31,20190808,-35.3,7.544832192,
N_25_3_AI,25,Mytilus,Night,After,Control,After_Control,3,8082019,1:41,0.2,1.64,19.4,54.2,35.7,11.7,13.161,20190808,-22.6,7.321938674,
N_26_3_AI,26,Phyllospadix,Night,After,Removal,After_Removal,3,8082019,1:26,0.2,2.21,26,54.2,35.7,11.6,13.289,20190808,-25.4,7.370739246,
N_27_3_AI,27,Phyllospadix,Night,After,Control,After_Control,3,8082019,1:25,0.2,1.26,15,54.2,35.7,11.5,13.269,20190808,-21.7,7.305711028,
N_28_3_AI,28,Phyllospadix,Night,After,Removal,After_Removal,3,8082019,1:22,0.1,1.62,19.1,54.2,35.7,11.6,13.393,20190808,-22.8,7.324615266,
N_29_3_AI,29,Phyllospadix,Night,After,Control,After_Control,3,8082019,1:21,0.1,0.83,10.1,54.3,35.8,11.7,13.583,20190808,-20.8,6.557590844,
N_30_3_AI,30,Mytilus,Night,After,Control,After_Control,3,8082019,1:35,0.2,1.09,13,54.1,35.6,11.4,13.35,20190808,-22.9,7.326530758,
N_31_3_AI,31,Mytilus,Night,After,Control,After_Control,3,8082019,1:33,0.2,0.95,11.8,54.1,35.6,11.5,13.261,20190808,-26.1,7.383162913,
N_32_3_AI,32,Mytilus,Night,After,Removal,After_Removal,3,8082019,1:32,0.2,3.85,44.6,54.2,35.2,11.4,13.143,20190808,-35.5,7.549088596,
N2_Ocean_4_AI,Ocean,Ocean,Night,After,Ocean,After_Ocean,4,8092019,3:15,0.6,8.11,93.2,53.8,35.4,11.6,12.183,20190808,-51.9,7.843000176,
N_1_4_AI,1,Phyllospadix,Night,After,Control,After_Control,4,8092019,3:21,0.6,1.89,22.3,54,35.5,11.2,12.133,20190808,-30.6,7.466990869,
N_2_4_AI,2,Phyllospadix,Night,After,Removal,After_Removal,4,8092019,3:22,0.6,2.66,30.6,54,35.5,10.9,11.79,20190808,-32.2,7.496703523,
N_3_4_AI,3,Phyllospadix,Night,After,Removal,After_Removal,4,8092019,3:24,0.6,3.46,40,54,35.5,10.9,11.787,20190808,-27.1,7.406511277,
N_4_4_AI,4,Phyllospadix,Night,After,Control,After_Control,4,8092019,3:25,0.3,0.92,10.9,54,35.5,10.9,11.781,20190808,-26.7,7.399459658,
N_5_4_AI,5,Phyllospadix,Night,After,Control,After_Control,4,8092019,3:28,0.3,0.81,10.4,54,35.5,10.4,11.503,20190808,-20.8,7.296079475,
N_6_4_AI,6,Phyllospadix,Night,After,Removal,After_Removal,4,8092019,3:27,0.3,1.44,16.3,54.1,35.6,10.5,11.71,20190808,-24,7.351966658,
N_7_4_AI,7,Phyllospadix,Night,After,Removal,After_Removal,4,8092019,3:36,0.4,2.89,33.5,53.9,35.5,11,11.921,20190808,-36.6,7.573937911,
N_8_4_AI,8,Phyllospadix,Night,After,Control,After_Control,4,8092019,3:38,0.4,0.81,9.5,54,35.5,10.6,11.812,20190808,-24.9,7.367505164,
N_9_4_AI,9,Mytilus,Night,After,Control,After_Control,4,8092019,3:42,0.4,1.23,14.1,54,35.5,10.8,11.94,20190808,-19.3,7.268027562,
N_10_4_AI,10,Mytilus,Night,After,Removal,After_Removal,4,8092019,3:44,0.4,2.11,24.4,53.9,35.5,10.8,11.86,20190808,-20.8,7.294825225,
N_11_4_AI,11,Mytilus,Night,After,Removal,After_Removal,4,8092019,3:45,0.3,2.76,31.9,53.9,35.5,10.9,12.001,20190808,-25.5,7.377397512,
N_12_4_AI,12,Mytilus,Night,After,Control,After_Control,4,8092019,3:50,0.3,2.23,26.6,54,35.5,10.7,11.904,20190808,-17.7,7.23986272,
N_13_4_AI,13,Mytilus,Night,After,Control,After_Control,4,8092019,3:51,0.3,1.44,16.8,54,35.5,10.5,11.64,20190808,-17.5,7.237200121,
N_14_4_AI,14,Mytilus,Night,After,Control,After_Control,4,8092019,3:54,0.3,1.4,16.8,54.1,35.6,10.8,11.688,20190808,-19.7,7.275966769,
N_15_4_AI,15,Mytilus,Night,After,Removal,After_Removal,4,8092019,3:56,0.8,2.19,25.3,54.1,35.6,10.4,11.693,20190808,-24.1,7.35379907,
N_16_4_AI,16,Mytilus,Night,After,Removal,After_Removal,4,8092019,4:00,0.8,3.59,41,54,35.5,10.7,11.616,20190808,-27.8,7.419567459,
N1_Ocean_4_AI,Ocean,Ocean,Night,After,Ocean,After_Ocean,4,8082019,2:26,0.7,7.31,84.2,54.1,35.6,11.4,14.071,20190808,-41.8,7.655533419,
N_17_4_AI,17,Mytilus,Night,After,Removal,After_Removal,4,8082019,3:44,0.3,1.23,14.7,54.2,35.7,12.1,15.481,20190808,-19.6,7.261136102,
N_18_4_AI,18,Phyllospadix,Night,After,Control,After_Control,4,8082019,3:53,0.3,1.15,14.5,54.1,35.7,12.4,15.071,20190808,-19.6,7.262551719,
N_19_4_AI,19,Mytilus,Night,After,Control,After_Control,4,8082019,3:42,0.2,0.92,11,54.2,35.7,11.8,14.952,20190808,-19.7,7.264711628,
N_20_4_AI,20,Phyllospadix,Night,After,Control,After_Control,4,8082019,3:36,0.2,0.96,11.2,54.3,35.8,11.8,14.876,20190808,-21.4,7.294720104,
N_21_4_AI,21,Phyllospadix,Night,After,Removal,After_Removal,4,8082019,3:39,0.2,1.66,20,54,35.6,12.6,14.906,20190808,-24,7.340102217,
N_22_4_AI,22,Phyllospadix,Night,After,Removal,After_Removal,4,8082019,3:49,0.3,1.66,20.2,54.2,35.7,12.7,14.993,20190808,-29.4,7.4342272,
N_23_4_AI,23,Mytilus,Night,After,Removal,After_Removal,4,8082019,3:27,0,2.31,27.3,54.2,35.7,12.1,14.706,20190808,-26.3,7.381113629,
N_24_4_AI,24,Mytilus,Night,After,Removal,After_Removal,4,8082019,3:25,0,3.12,36.9,54.4,35.9,12.1,14.552,20190808,-29.1,7.430755677,
N_25_4_AI,25,Mytilus,Night,After,Control,After_Control,4,8082019,3:16,0,1.23,15,54.2,35.8,11.9,14.653,20190808,-21.9,7.304269123,
N_26_4_AI,26,Phyllospadix,Night,After,Removal,After_Removal,4,8082019,2:35,0.6,1.45,17.3,54.1,35.7,11.7,14.411,20190808,-21.3,7.294621714,
N_27_4_AI,27,Phyllospadix,Night,After,Control,After_Control,4,8082019,2:33,0.7,0.79,9.4,54.1,35.7,11.6,13.999,20190808,-16.8,7.217104404,
N_28_4_AI,28,Phyllospadix,Night,After,Removal,After_Removal,4,8082019,2:31,0.7,1.03,12.3,54.2,35.7,11.7,14.394,20190808,-19.8,7.268391747,
N_29_4_AI,29,Phyllospadix,Night,After,Control,After_Control,4,8082019,2:29,0.7,0.84,10.1,54.2,35.7,12,14.338,20190808,-17.5,7.228265739,
N_30_4_AI,30,Mytilus,Night,After,Control,After_Control,4,8082019,2:52,0.5,0.87,10.6,54.2,35.7,11.5,14.215,20190808,-20.5,7.281287162,volume of flask (550ml) dumped 2x
N_31_4_AI,31,Mytilus,Night,After,Control,After_Control,4,8082019,2:50,0.5,1.08,12.8,54.1,35.6,11.8,13.779,20190808,-25,7.361852709,
N_32_4_AI,32,Mytilus,Night,After,Removal,After_Removal,4,8082019,2:48,0.5,4.17,49.4,54.1,35,11.6,13.814,20190808,-30.4,7.456557065,
N2_Ocean_5_AI,Ocean,Ocean,Night,After,Ocean,After_Ocean,5,8092019,4:13,1,8.09,93.3,53.8,35.4,11.6,11.891,20190808,-49.8,7.807459046,
N_1_5_AI,1,Phyllospadix,Night,After,Control,After_Control,5,8092019,4:19,1.7,1.76,20.9,53.9,35.5,11,12.093,20190808,-29.3,7.444186924,
N_2_5_AI,2,Phyllospadix,Night,After,Removal,After_Removal,5,8092019,4:21,1.7,2.01,23,53.9,35.4,10.8,11.684,20190808,-30.2,7.461763695,
N_3_5_AI,3,Phyllospadix,Night,After,Removal,After_Removal,5,8092019,4:23,1.7,2.69,30.7,54,35.5,10.8,11.445,20190808,-35.5,7.556598096,
N_4_5_AI,4,Phyllospadix,Night,After,Control,After_Control,5,8092019,4:25,1.6,0.66,7.7,54,35.5,10.7,11.583,20190808,-27.2,7.409077814,
N_5_5_AI,5,Phyllospadix,Night,After,Control,After_Control,5,8092019,4:28,1.6,1.3,15.6,54,35.5,10.2,11.357,20190808,-23.1,7.337334606,
N_6_5_AI,6,Phyllospadix,Night,After,Removal,After_Removal,5,8092019,4:26,1.6,1.21,13.6,54.2,35.6,10.2,11.289,20190808,-25.8,7.385422445,
N_7_5_AI,7,Phyllospadix,Night,After,Removal,After_Removal,5,8092019,4:37,0.6,3.05,37.3,53.9,35.4,10.8,11.511,20190808,-34.7,7.542142333,
N_8_5_AI,8,Phyllospadix,Night,After,Control,After_Control,5,8092019,4:39,0.6,1.69,20.3,54.1,35.5,10.3,11.378,20190808,-25.4,7.377996931,
N_9_5_AI,9,Mytilus,Night,After,Control,After_Control,5,8092019,4:49,0.5,1.75,24,54,35.5,10.6,11.359,20190808,-20.4,7.289499911,
N_10_5_AI,10,Mytilus,Night,After,Removal,After_Removal,5,8092019,4:51,0.5,1.48,16.9,54,35.5,10.6,11.423,20190808,-21.6,7.310528455,
N_11_5_AI,11,Mytilus,Night,After,Removal,After_Removal,5,8092019,4:52,0.5,1.77,20.2,53.9,35.5,10.8,11.345,20190808,-23.6,7.346235849,
N_12_5_AI,12,Mytilus,Night,After,Control,After_Control,5,8092019,4:56,0.1,1.13,13,54.2,35.6,10.5,11.292,20190808,-18.7,7.259613046,30ml ovefilled
N_13_5_AI,13,Mytilus,Night,After,Control,After_Control,5,8092019,4:58,0.1,0.78,8.9,54.1,35.5,10.3,11.051,20190808,-19.9,7.281708097,
N_14_5_AI,14,Mytilus,Night,After,Control,After_Control,5,8092019,5:03,0.1,0.99,11.2,54,35.5,10.6,11.104,20190808,-21.6,7.31166535,
N_15_5_AI,15,Mytilus,Night,After,Removal,After_Removal,5,8092019,5:08,0.3,1.9,21.5,54.2,35.6,10.2,10.967,20190808,-23.4,7.344082618,10ml overfilled
N_16_5_AI,16,Mytilus,Night,After,Removal,After_Removal,5,8092019,5:05,0.3,2.73,31,54,35.5,10.6,11.098,20190808,-25.1,7.373742121,